episode,length,time,reward,delta
0,500.0,0.024005413055419922,-3174.0,-1.0000745184296085
1,500.0,0.02400517463684082,-2580.0,-0.5896063381029139
2,500.0,0.024005889892578125,-1788.0,-0.512420988935971
3,39.0,0.002000093460083008,-38.0,99.99960827320233
4,438.0,0.021004438400268555,-1922.0,89.99964744588209
5,500.0,0.024006366729736328,-1590.0,-0.3839128066103663
6,36.0,0.0019996166229248047,64.0,80.99968270129388
7,166.0,0.008001565933227539,-561.0,72.89971443116448
8,45.0,0.0020008087158203125,-143.0,65.60974298804804
9,97.0,0.00400090217590332,-96.0,59.04876868924323
10,99.0,0.004001140594482422,-296.0,53.143891820318906
11,128.0,0.007001638412475586,-820.0,47.82950263828702
12,172.0,0.008002281188964844,-765.0,43.046552374458315
13,74.0,0.004000186920166016,-73.0,38.74189713701249
14,67.0,0.0030007362365722656,-66.0,34.86770742331123
15,52.0,0.002000093460083008,48.0,31.380936680980113
16,181.0,0.009002447128295898,-576.0,28.242843012882105
17,112.0,0.006000995635986328,-309.0,25.41855871159389
18,74.0,0.003000974655151367,-172.0,22.876702840434504
19,22.0,0.0010001659393310547,78.0,20.58903255639106
20,116.0,0.006001949310302734,-313.0,18.530129300751952
21,83.0,0.004000663757324219,-82.0,16.677116370676757
22,126.0,0.00600123405456543,-224.0,15.009404733609074
23,44.0,0.002000570297241211,-43.0,13.50846426024816
24,43.0,0.002001047134399414,-339.0,12.157617834223345
25,92.0,0.0050008296966552734,-685.0,10.941856050801007
26,60.0,0.0030012130737304688,-59.0,9.847670445720908
27,128.0,0.006000518798828125,-523.0,8.862903401148813
28,44.0,0.0020008087158203125,-43.0,7.97661306103393
29,62.0,0.0030002593994140625,-61.0,7.178951754930537
30,43.0,0.002000093460083008,-42.0,6.461056579437482
31,27.0,0.002001047134399414,73.0,5.8149509214937325
32,30.0,0.0010004043579101562,70.0,5.233455829344365
33,26.0,0.0010004043579101562,74.0,4.710110246409926
34,65.0,0.003000020980834961,-64.0,4.239099221768939
35,48.0,0.0019998550415039062,52.0,3.815189299592049
36,23.0,0.0010004043579101562,-22.0,3.43367036963285
37,20.0,0.0010001659393310547,80.0,3.0903033326695635
38,64.0,0.003000020980834961,-162.0,2.781272999402603
39,52.0,0.003000974655151367,-51.0,2.503145699462337
40,27.0,0.0020008087158203125,-26.0,2.252831129516096
41,43.0,0.0020003318786621094,-42.0,2.027548016564481
42,32.0,0.002000093460083008,-31.0,1.824793214908027
43,48.0,0.002000570297241211,-47.0,1.6423138934172243
44,14.0,0.0,86.0,1.478082504075502
45,109.0,0.0050013065338134766,-405.0,1.3302742536679517
46,22.0,0.0009996891021728516,78.0,1.1972468283011608
47,37.0,0.0010001659393310547,63.0,1.0775221454710504
48,30.0,0.0010001659393310547,-29.0,0.9697699309239454
49,26.0,0.0010001659393310547,74.0,0.872792937831548
50,33.0,0.0020012855529785156,67.0,0.7855136440483932
51,18.0,0.0009999275207519531,82.0,0.7069622796435482
52,69.0,0.0030002593994140625,-266.0,0.6362660516792005
53,34.0,0.0010008811950683594,-33.0,0.5726394465112747
54,66.0,0.0030014514923095703,-164.0,0.5153755018601487
55,44.0,0.0020003318786621094,-241.0,0.46383795167413666
56,40.0,0.0020003318786621094,-138.0,0.4174541565067216
57,49.0,0.0020003318786621094,-48.0,0.3757087408560551
58,14.0,0.0,86.0,0.33813786677045243
59,25.0,0.0010001659393310547,75.0,0.3043240800934086
60,22.0,0.0010001659393310547,78.0,0.27389167208406207
61,32.0,0.00099945068359375,-31.0,0.24650250487565017
62,38.0,0.002001047134399414,62.0,0.22185225438808232
63,15.0,0.0009996891021728516,85.0,0.19966702894927835
64,59.0,0.002000570297241211,-157.0,0.17970032605434483
65,32.0,0.0010001659393310547,-31.0,0.16173029344891177
66,22.0,0.0010004043579101562,78.0,0.14555726410401348
67,33.0,0.002000570297241211,-131.0,0.13100153769360645
68,22.0,0.0010006427764892578,-120.0,0.11790138392424865
69,57.0,0.003000497817993164,-452.0,0.10611124553182094
70,12.0,0.0010001659393310547,88.0,0.09550012097864169
71,33.0,0.0020003318786621094,-32.0,0.08595010888078036
72,12.0,0.0010001659393310547,88.0,0.07735509799270801
73,28.0,0.0010001659393310547,-126.0,0.06961958819343295
74,54.0,0.0020008087158203125,-350.0,0.06265762937408681
75,14.0,0.0,86.0,0.05639186643668381
76,16.0,0.0,84.0,0.050752679793021116
77,28.0,0.0010001659393310547,72.0,0.04567741181371332
78,26.0,0.002000093460083008,-25.0,0.041109670632337725
79,38.0,0.002000093460083008,-235.0,0.03699870356911106
80,12.0,0.0010001659393310547,88.0,0.03329883321219995
81,19.0,0.0010004043579101562,-18.0,0.02996894989098564
82,16.0,0.0010004043579101562,84.0,0.02697205490188992
83,36.0,0.0020003318786621094,-332.0,0.024274849411696664
84,48.0,0.003000497817993164,-146.0,0.02184736447053126
85,53.0,0.0030007362365722656,-349.0,0.019662628023482398
86,27.0,0.0010013580322265625,-26.0,0.017696365221127053
87,16.0,0.0,84.0,0.015926728699014348
88,30.0,0.0010006427764892578,-128.0,0.01433405582911007
89,14.0,0.0,86.0,0.0129006502461948
90,32.0,0.0009999275207519531,-130.0,0.01161058522157532
91,27.0,0.0010001659393310547,-26.0,0.010449526699417788
92,27.0,0.0020003318786621094,-26.0,0.009404574029474588
93,20.0,0.0010004043579101562,80.0,0.00846411662652713
94,14.0,0.0010001659393310547,86.0,0.007617704963877259
95,32.0,0.0020003318786621094,-130.0,0.006855934467495217
96,22.0,0.0010008811950683594,-21.0,0.006170341020748538
97,25.0,0.0010001659393310547,-24.0,0.005553306918670842
98,22.0,0.0009999275207519531,78.0,0.0049979762268037575
99,12.0,0.0010004043579101562,88.0,0.004498178604123382
100,14.0,0.0010004043579101562,86.0,0.0040483607437096225
101,15.0,0.0009999275207519531,-113.0,0.0036435246693429235
102,17.0,0.0,-16.0,0.0032791722024114733
103,38.0,0.002000570297241211,-136.0,0.0029512549821646417
104,21.0,0.0010001659393310547,79.0,0.0026561294839524408
105,27.0,0.0020003318786621094,-125.0,0.0023905165355557756
106,31.0,0.0010006427764892578,-30.0,0.0021514648820044613
107,23.0,0.0010004043579101562,-22.0,0.001936318393802594
108,31.0,0.002000570297241211,-228.0,0.0017426865544223347
109,37.0,0.0020003318786621094,-135.0,0.0015684178989801012
110,20.0,0.0010001659393310547,80.0,0.0014115761090778278
111,36.0,0.0020003318786621094,-332.0,0.0012704184981657818
112,20.0,0.0,-19.0,0.0011433766483435193
113,27.0,0.0009999275207519531,-26.0,0.001029038983503483
114,19.0,0.0010004043579101562,81.0,0.0009261350851517136
115,12.0,0.0,88.0,0.0008335215766379633
116,21.0,0.0010001659393310547,-20.0,0.0007501694189784303
117,31.0,0.0010001659393310547,-30.0,0.0006751524770862716
118,15.0,0.0010004043579101562,85.0,0.0006076372293790655
119,17.0,0.0009999275207519531,83.0,0.0005468735064368957
120,37.0,0.002001047134399414,-234.0,0.0004921861557960483
121,17.0,0.0010001659393310547,83.0,0.00044296754020933804
122,33.0,0.0020003318786621094,-131.0,0.0003986707861827199
123,12.0,0.0010004043579101562,88.0,0.00035880370757013225
124,51.0,0.003000497817993164,-248.0,0.00032292333681027685
125,24.0,0.0010004043579101562,-23.0,0.0002906310031249859
126,13.0,0.0,87.0,0.00026156790281106623
127,12.0,0.0,88.0,0.00023541111252711744
128,40.0,0.002000570297241211,-39.0,0.00021187000128009004
129,28.0,0.0009999275207519531,-126.0,0.00019068300115065995
130,56.0,0.003000974655151367,-649.0,0.0001716147010313307
131,23.0,0.002000093460083008,77.0,0.00015445323093388197
132,19.0,0.0010004043579101562,-18.0,0.0001390079078475992
133,14.0,0.0010001659393310547,86.0,0.00012510711705715494
134,18.0,0.0010001659393310547,82.0,0.00011259640535854487
135,29.0,0.0020008087158203125,-127.0,0.00010133676482837473
136,48.0,0.002000093460083008,-245.0,9.120308834553725e-05
137,24.0,0.0010004043579101562,-23.0,8.20827795138257e-05
138,17.0,0.0009999275207519531,83.0,7.387450156670639e-05
139,24.0,0.0020003318786621094,-23.0,6.648705141287792e-05
140,14.0,0.0010008811950683594,86.0,5.98383462744323e-05
141,44.0,0.0019998550415039062,-340.0,5.385451164841015e-05
142,21.0,0.002000570297241211,-20.0,4.8469060487832394e-05
143,14.0,0.0010004043579101562,86.0,4.3622154436206984e-05
144,26.0,0.0009999275207519531,-25.0,3.925993898690194e-05
145,13.0,0.0010008811950683594,87.0,3.5333945092475005e-05
146,19.0,0.0010001659393310547,81.0,3.180055058749076e-05
147,14.0,0.0,86.0,2.86204955273206e-05
148,14.0,0.0,86.0,2.575844597174637e-05
149,24.0,0.0010001659393310547,-23.0,2.318260138167716e-05
150,43.0,0.0020003318786621094,-240.0,2.08643412378251e-05
151,38.0,0.0020003318786621094,-37.0,1.8777907115463677e-05
152,28.0,0.0010004043579101562,-27.0,1.690011640675948e-05
153,14.0,0.0,86.0,1.5210104763241361e-05
154,23.0,0.0010001659393310547,77.0,1.368909428833831e-05
155,18.0,0.0010001659393310547,82.0,1.2320184865188821e-05
156,72.0,0.00400090217590332,-566.0,1.1088166374406683e-05
157,21.0,0.0010008811950683594,79.0,9.979349741229271e-06
158,12.0,0.0009999275207519531,88.0,8.981414765685258e-06
159,31.0,0.002000093460083008,-129.0,8.083273286274562e-06
160,16.0,0.0010001659393310547,84.0,7.274945957647105e-06
161,12.0,0.0010004043579101562,88.0,6.54745136330348e-06
162,14.0,0.0010006427764892578,86.0,5.892706226973132e-06
163,26.0,0.0019998550415039062,-25.0,5.303435600012563e-06
164,14.0,0.0010004043579101562,86.0,4.773092044274563e-06
165,12.0,0.0009999275207519531,88.0,4.295782844110363e-06
166,52.0,0.0020008087158203125,-150.0,3.8662045653836685e-06
167,17.0,0.0009999275207519531,83.0,3.4795841088453017e-06
168,21.0,0.0010008811950683594,-20.0,3.1316257036451134e-06
169,16.0,0.0009996891021728516,84.0,2.818463130438431e-06
170,12.0,0.0010004043579101562,88.0,2.5366168188156735e-06
171,14.0,0.0010004043579101562,86.0,2.282955136934106e-06
172,12.0,0.0009996891021728516,88.0,2.0546596175563536e-06
173,22.0,0.0010004043579101562,-120.0,1.8491936515374618e-06
174,12.0,0.0,88.0,1.664274293489143e-06
175,18.0,0.0,82.0,1.4978468669823997e-06
176,59.0,0.003000497817993164,-454.0,1.3480621845474161e-06
177,39.0,0.0020003318786621094,-236.0,1.213255970355931e-06
178,12.0,0.0010004043579101562,88.0,1.0919303718992523e-06
179,16.0,0.0010001659393310547,-15.0,9.827373332882416e-07
180,32.0,0.002000570297241211,-31.0,8.844636028015884e-07
181,52.0,0.0030007362365722656,-150.0,7.96017246784686e-07
182,27.0,0.0009999275207519531,-26.0,7.164155277905593e-07
183,18.0,0.0009999275207519531,82.0,6.447739764325888e-07
184,20.0,0.0010004043579101562,80.0,5.802965858947573e-07
185,32.0,0.0020008087158203125,-31.0,5.222669301474525e-07
186,43.0,0.002000093460083008,-240.0,4.700402342905363e-07
187,52.0,0.0030007362365722656,-249.0,4.2303621228256816e-07
188,18.0,0.0010008811950683594,-17.0,3.8073258679105493e-07
189,16.0,0.0,84.0,3.426593337962913e-07
190,18.0,0.0010001659393310547,82.0,3.083933961534058e-07
191,26.0,0.0010001659393310547,-25.0,2.775540508537233e-07
192,23.0,0.0020008087158203125,-121.0,2.49798645768351e-07
193,12.0,0.0009996891021728516,88.0,2.2481877692825947e-07
194,37.0,0.0020003318786621094,-135.0,2.0233690634086088e-07
195,13.0,0.0010006427764892578,87.0,1.8210322139111668e-07
196,14.0,0.0010004043579101562,86.0,1.6389290635743237e-07
197,24.0,0.0010004043579101562,-122.0,1.4750361287951819e-07
198,14.0,0.0,86.0,1.3275325727590825e-07
199,15.0,0.0,85.0,1.1947793154831743e-07
200,12.0,0.0,88.0,1.0753014123565663e-07
201,12.0,0.0,88.0,9.677712853317644e-08
202,16.0,0.0009999275207519531,-15.0,8.709940857443144e-08
203,17.0,0.0,83.0,7.83894620326464e-08
204,16.0,0.0010001659393310547,84.0,7.055051298721082e-08
205,25.0,0.0010001659393310547,-24.0,6.349546310957521e-08
206,13.0,0.0010008811950683594,87.0,5.7145911114275805e-08
207,33.0,0.0019996166229248047,-32.0,5.143131431850634e-08
208,16.0,0.0010004043579101562,84.0,4.628817862339929e-08
209,16.0,0.0,84.0,4.165936218214483e-08
210,17.0,0.0010001659393310547,83.0,3.7493421700673935e-08
211,12.0,0.0,88.0,3.3744072425179183e-08
212,17.0,0.0010001659393310547,-16.0,3.036966234049032e-08
213,14.0,0.0010001659393310547,86.0,2.7332703211868647e-08
214,14.0,0.0010004043579101562,86.0,2.459943004851084e-08
215,16.0,0.0010001659393310547,84.0,2.2139488464745227e-08
216,14.0,0.0010008811950683594,86.0,1.992553677609976e-08
217,14.0,0.0010001659393310547,86.0,1.7932990203917143e-08
218,27.0,0.0019998550415039062,-26.0,1.6139694025696372e-08
219,32.0,0.0010006427764892578,-130.0,1.4525724623126735e-08
220,22.0,0.0009999275207519531,-21.0,1.3073147897557647e-08
221,13.0,0.0010004043579101562,-12.0,1.1765834528887353e-08
222,17.0,0.0010001659393310547,83.0,1.0589246812742203e-08
223,62.0,0.0030007362365722656,-457.0,9.530324973638926e-09
224,33.0,0.0010001659393310547,-329.0,8.577288213018619e-09
225,30.0,0.0009999275207519531,-29.0,7.719563654973172e-09
226,15.0,0.0010004043579101562,-14.0,6.947601605133968e-09
227,20.0,0.0010004043579101562,80.0,6.252847128962458e-09
228,17.0,0.0010006427764892578,83.0,5.627555310638854e-09
229,27.0,0.0010004043579101562,-125.0,5.064805463916855e-09
230,15.0,0.0,-14.0,4.5583306018670555e-09
231,16.0,0.0,84.0,4.102503226022236e-09
232,28.0,0.0010004043579101562,72.0,3.6922500612490694e-09
233,22.0,0.00099945068359375,-21.0,3.323023634038691e-09
234,16.0,0.0010004043579101562,84.0,2.9907170073784073e-09
235,12.0,0.0010004043579101562,88.0,2.691649569896981e-09
236,16.0,0.0010001659393310547,84.0,2.42248177073634e-09
237,24.0,0.0010004043579101562,76.0,2.1802293304062914e-09
238,35.0,0.0010006427764892578,-133.0,1.9622063973656623e-09
239,30.0,0.0009996891021728516,-128.0,1.765982915458153e-09
240,31.0,0.0020012855529785156,-228.0,1.5893846239123377e-09
241,18.0,0.0009999275207519531,82.0,1.4304504247775185e-09
242,16.0,0.0,84.0,1.2874039612142951e-09
243,13.0,0.0,87.0,1.1586678283492802e-09
244,13.0,0.0,87.0,1.0428067298562382e-09
245,12.0,0.0,88.0,9.38527477956086e-10
246,32.0,0.0010004043579101562,-130.0,8.446789934168919e-10
247,19.0,0.0010001659393310547,-18.0,7.602096729897312e-10
248,15.0,0.0,85.0,6.841958111181157e-10
249,24.0,0.0010001659393310547,-23.0,6.15770545664418e-10
250,25.0,0.002000570297241211,-222.0,5.541949121834477e-10
251,16.0,0.0010001659393310547,84.0,4.987725787941599e-10
252,29.0,0.0010004043579101562,-28.0,4.488924787438009e-10
253,14.0,0.0010001659393310547,86.0,4.0400038869847776e-10
254,35.0,0.0020003318786621094,-34.0,3.6359892874315847e-10
255,18.0,0.0010001659393310547,82.0,3.2723335152695654e-10
256,32.0,0.002000570297241211,-31.0,2.945057531178463e-10
257,23.0,0.0009996891021728516,-22.0,2.6506086214794777e-10
258,16.0,0.001001119613647461,-15.0,2.3855761810409604e-10
259,12.0,0.0,88.0,2.1469759303727187e-10
260,28.0,0.0009999275207519531,-225.0,1.9322499156260164e-10
261,17.0,0.0010004043579101562,83.0,1.7389822914992692e-10
262,25.0,0.002000093460083008,-24.0,1.5650414297851967e-10
263,12.0,0.0010004043579101562,88.0,1.4085799193708226e-10
264,14.0,0.0010008811950683594,86.0,1.2677503491431708e-10
265,61.0,0.0030002593994140625,-456.0,1.1409895250835689e-10
266,12.0,0.0010001659393310547,88.0,1.0268763617204968e-10
267,16.0,0.0010001659393310547,84.0,9.241318821295863e-11
268,29.0,0.0020003318786621094,-127.0,8.317613264807733e-11
269,16.0,0.0010001659393310547,84.0,7.486278263968416e-11
270,19.0,0.0010004043579101562,81.0,6.73736622047727e-11
271,14.0,0.0010001659393310547,86.0,6.063771706976695e-11
272,14.0,0.0010001659393310547,86.0,5.4569682106375694e-11
273,17.0,0.0010004043579101562,83.0,4.9112713895738125e-11
274,17.0,0.0010004043579101562,83.0,4.419575816427823e-11
275,14.0,0.0010001659393310547,86.0,3.977618234785041e-11
276,29.0,0.0010001659393310547,-28.0,3.579714302759385e-11
277,24.0,0.0009999275207519531,-122.0,3.221600763936294e-11
278,27.0,0.0009999275207519531,-26.0,2.8990143619012088e-11
279,12.0,0.0,88.0,2.609112925711088e-11
280,23.0,0.0009999275207519531,-22.0,2.347633198951371e-11
281,22.0,0.0010004043579101562,-21.0,2.113154096150538e-11
282,12.0,0.0,88.0,1.901412360894028e-11
283,14.0,0.0,86.0,1.7109869077103212e-11
284,16.0,0.0,84.0,1.5404566511278972e-11
285,12.0,0.0,88.0,1.3869794202037156e-11
286,15.0,0.0,85.0,1.247713043994736e-11
287,21.0,0.0010001659393310547,-20.0,1.1226575225009583e-11
288,46.0,0.002000570297241211,-243.0,1.0103917702508625e-11
289,16.0,0.0010004043579101562,-15.0,9.094947017729282e-12
290,15.0,0.0010001659393310547,-14.0,8.185452315956354e-12
291,14.0,0.0010001659393310547,86.0,7.361222742474638e-12
292,24.0,0.0009999275207519531,-122.0,6.622258297284134e-12
293,19.0,0.0010001659393310547,-18.0,5.9543481256696396e-12
294,14.0,0.0,86.0,5.357492227631155e-12
295,13.0,0.0,-12.0,4.817479748453479e-12
296,50.0,0.0020008087158203125,-445.0,4.334310688136611e-12
297,28.0,0.0020003318786621094,-27.0,3.893774191965349e-12
298,16.0,0.0010001659393310547,84.0,3.510081114654895e-12
299,18.0,0.0010001659393310547,-17.0,3.154809746774845e-12
300,22.0,0.00099945068359375,-21.0,2.8421709430404007e-12
301,12.0,0.0010001659393310547,88.0,2.5579538487363607e-12
302,12.0,0.0010008811950683594,88.0,2.3021584638627246e-12
303,27.0,0.0010001659393310547,-26.0,2.0747847884194925e-12
304,12.0,0.0010001659393310547,88.0,1.8616219676914625e-12
305,17.0,0.0010001659393310547,-16.0,1.6768808563938364e-12
306,12.0,0.0,88.0,1.5063505998114124e-12
307,15.0,0.0,-14.0,1.3500311979441904e-12
308,16.0,0.0,84.0,1.2221335055073723e-12
309,20.0,0.0010001659393310547,80.0,1.0942358130705543e-12
310,44.0,0.0020008087158203125,-241.0,9.805489753489383e-13
311,26.0,0.0010004043579101562,-124.0,8.810729923425242e-13
312,16.0,0.0010001659393310547,84.0,7.958078640513122e-13
313,16.0,0.0009996891021728516,84.0,7.105427357601002e-13
314,14.0,0.0010004043579101562,86.0,6.394884621840902e-13
315,36.0,0.002000570297241211,-233.0,5.684341886080801e-13
316,12.0,0.0010004043579101562,88.0,5.115907697472721e-13
317,42.0,0.002000093460083008,-140.0,4.547473508864641e-13
318,18.0,0.0010001659393310547,82.0,4.121147867408581e-13
319,16.0,0.0010001659393310547,84.0,3.694822225952521e-13
320,24.0,0.0009999275207519531,-23.0,3.268496584496461e-13
321,29.0,0.0009999275207519531,-28.0,2.984279490192421e-13
322,16.0,0.0010001659393310547,84.0,2.7000623958883807e-13
323,14.0,0.0,86.0,2.4158453015843406e-13
324,12.0,0.0,88.0,2.1316282072803006e-13
325,19.0,0.0,-18.0,1.9895196601282805e-13
326,30.0,0.0010004043579101562,-29.0,1.8474111129762605e-13
327,23.0,0.0010004043579101562,-22.0,1.7053025658242404e-13
328,22.0,0.0010001659393310547,-120.0,1.5631940186722204e-13
329,12.0,0.0010001659393310547,88.0,1.4210854715202004e-13
330,26.0,0.002000093460083008,-25.0,1.2789769243681803e-13
331,31.0,0.002000570297241211,-129.0,1.1368683772161603e-13
332,16.0,0.0010006427764892578,84.0,9.947598300641403e-14
333,42.0,0.0020003318786621094,-140.0,8.526512829121202e-14
334,18.0,0.0009999275207519531,82.0,7.105427357601002e-14
335,14.0,0.0,86.0,5.684341886080802e-14
336,12.0,0.0,88.0,5.684341886080802e-14
337,36.0,0.0010001659393310547,-134.0,5.684341886080802e-14
338,12.0,0.0,88.0,5.684341886080802e-14
339,18.0,0.0,82.0,5.684341886080802e-14
340,23.0,0.0009999275207519531,-22.0,5.684341886080802e-14
341,14.0,0.0010006427764892578,86.0,5.684341886080802e-14
342,18.0,0.0009996891021728516,82.0,5.684341886080802e-14
343,23.0,0.0010001659393310547,77.0,5.684341886080802e-14
344,12.0,0.0010001659393310547,88.0,5.684341886080802e-14
345,12.0,0.0010006427764892578,88.0,5.684341886080802e-14
346,12.0,0.0,88.0,5.684341886080802e-14
347,28.0,0.0009999275207519531,-27.0,5.684341886080802e-14
348,14.0,0.0,86.0,5.684341886080802e-14
349,12.0,0.0,88.0,5.684341886080802e-14
350,12.0,0.0,88.0,5.684341886080802e-14
351,39.0,0.0020003318786621094,-335.0,5.684341886080802e-14
352,14.0,0.0,86.0,5.684341886080802e-14
353,12.0,0.0,88.0,5.684341886080802e-14
354,18.0,0.0010001659393310547,82.0,5.684341886080802e-14
355,14.0,0.0010001659393310547,86.0,5.684341886080802e-14
356,15.0,0.0010001659393310547,85.0,5.684341886080802e-14
357,14.0,0.0010001659393310547,86.0,5.684341886080802e-14
358,15.0,0.0010004043579101562,85.0,5.684341886080802e-14
359,12.0,0.0010001659393310547,88.0,5.684341886080802e-14
360,12.0,0.0009999275207519531,88.0,5.684341886080802e-14
361,15.0,0.0010004043579101562,85.0,5.684341886080802e-14
362,21.0,0.0010006427764892578,-20.0,5.684341886080802e-14
363,29.0,0.002000093460083008,-127.0,5.684341886080802e-14
364,12.0,0.0010001659393310547,88.0,5.684341886080802e-14
365,16.0,0.0010001659393310547,84.0,5.684341886080802e-14
366,12.0,0.0010004043579101562,88.0,5.684341886080802e-14
367,14.0,0.0010006427764892578,86.0,5.684341886080802e-14
368,16.0,0.0009999275207519531,84.0,5.684341886080802e-14
369,23.0,0.002000093460083008,-22.0,5.684341886080802e-14
370,14.0,0.0010004043579101562,86.0,5.684341886080802e-14
371,12.0,0.0,88.0,5.684341886080802e-14
372,13.0,0.0,-12.0,5.684341886080802e-14
373,16.0,0.0010001659393310547,84.0,5.684341886080802e-14
374,16.0,0.0010001659393310547,84.0,5.684341886080802e-14
375,17.0,0.0010004043579101562,83.0,5.684341886080802e-14
376,18.0,0.0010006427764892578,82.0,5.684341886080802e-14
377,12.0,0.0,88.0,5.684341886080802e-14
378,20.0,0.0009996891021728516,80.0,5.684341886080802e-14
379,20.0,0.0010001659393310547,80.0,5.684341886080802e-14
380,12.0,0.0010004043579101562,88.0,5.684341886080802e-14
381,12.0,0.0009999275207519531,88.0,5.684341886080802e-14
382,15.0,0.0010001659393310547,85.0,5.684341886080802e-14
383,15.0,0.0010008811950683594,85.0,5.684341886080802e-14
384,26.0,0.0009999275207519531,-25.0,5.684341886080802e-14
385,12.0,0.0,88.0,5.684341886080802e-14
386,12.0,0.0,88.0,5.684341886080802e-14
387,12.0,0.0,88.0,5.684341886080802e-14
388,30.0,0.0020003318786621094,-128.0,5.684341886080802e-14
389,12.0,0.0009999275207519531,88.0,5.684341886080802e-14
390,19.0,0.0010008811950683594,-18.0,5.684341886080802e-14
391,12.0,0.0,88.0,5.684341886080802e-14
392,14.0,0.0010004043579101562,86.0,5.684341886080802e-14
393,14.0,0.0010004043579101562,86.0,5.684341886080802e-14
394,15.0,0.0,-14.0,5.684341886080802e-14
395,12.0,0.0,88.0,5.684341886080802e-14
396,16.0,0.0,84.0,5.684341886080802e-14
397,14.0,0.0,86.0,5.684341886080802e-14
398,12.0,0.0,88.0,5.684341886080802e-14
399,14.0,0.0,86.0,5.684341886080802e-14
400,25.0,0.0009999275207519531,-24.0,5.684341886080802e-14
401,39.0,0.002000570297241211,-434.0,5.684341886080802e-14
402,16.0,0.0010004043579101562,84.0,5.684341886080802e-14
403,12.0,0.0,88.0,5.684341886080802e-14
404,20.0,0.0009999275207519531,-19.0,5.684341886080802e-14
405,16.0,0.0010001659393310547,84.0,5.684341886080802e-14
406,14.0,0.0010001659393310547,86.0,5.684341886080802e-14
407,27.0,0.0010004043579101562,-125.0,5.684341886080802e-14
408,14.0,0.0,86.0,5.684341886080802e-14
409,12.0,0.0,88.0,5.684341886080802e-14
410,36.0,0.0010001659393310547,-134.0,5.684341886080802e-14
411,14.0,0.0,86.0,5.684341886080802e-14
412,15.0,0.0,85.0,5.684341886080802e-14
413,12.0,0.0,88.0,5.684341886080802e-14
414,12.0,0.0,88.0,5.684341886080802e-14
415,32.0,0.0009999275207519531,-130.0,5.684341886080802e-14
416,17.0,0.0,83.0,5.684341886080802e-14
417,16.0,0.0010004043579101562,84.0,5.684341886080802e-14
418,12.0,0.0009999275207519531,88.0,5.684341886080802e-14
419,12.0,0.0,88.0,5.684341886080802e-14
420,12.0,0.0,88.0,5.684341886080802e-14
421,14.0,0.0,86.0,5.684341886080802e-14
422,26.0,0.0010001659393310547,-25.0,5.684341886080802e-14
423,16.0,0.0010001659393310547,84.0,5.684341886080802e-14
424,16.0,0.0010004043579101562,84.0,5.684341886080802e-14
425,15.0,0.0,85.0,5.684341886080802e-14
426,30.0,0.0010006427764892578,-128.0,5.684341886080802e-14
427,12.0,0.0010001659393310547,88.0,5.684341886080802e-14
428,14.0,0.0010001659393310547,86.0,5.684341886080802e-14
429,14.0,0.0009996891021728516,86.0,5.684341886080802e-14
430,18.0,0.0010004043579101562,82.0,5.684341886080802e-14
431,25.0,0.0009996891021728516,-24.0,5.684341886080802e-14
432,12.0,0.0010001659393310547,88.0,5.684341886080802e-14
433,16.0,0.0010004043579101562,84.0,5.684341886080802e-14
434,23.0,0.0010001659393310547,-22.0,5.684341886080802e-14
435,16.0,0.0010001659393310547,84.0,5.684341886080802e-14
436,16.0,0.0010004043579101562,-15.0,5.684341886080802e-14
437,27.0,0.0010001659393310547,-26.0,5.684341886080802e-14
438,13.0,0.0,-12.0,5.684341886080802e-14
439,27.0,0.0010006427764892578,-26.0,5.684341886080802e-14
440,18.0,0.0010004043579101562,-17.0,5.684341886080802e-14
441,14.0,0.0,86.0,5.684341886080802e-14
442,15.0,0.0,85.0,5.684341886080802e-14
443,19.0,0.0010001659393310547,81.0,5.684341886080802e-14
444,12.0,0.0009999275207519531,88.0,5.684341886080802e-14
445,14.0,0.0010001659393310547,86.0,5.684341886080802e-14
446,33.0,0.0020008087158203125,-131.0,5.684341886080802e-14
447,30.0,0.0010001659393310547,-227.0,5.684341886080802e-14
448,14.0,0.0,86.0,5.684341886080802e-14
449,23.0,0.0010001659393310547,-22.0,5.684341886080802e-14
450,14.0,0.0010004043579101562,86.0,5.684341886080802e-14
451,21.0,0.0010001659393310547,-20.0,5.684341886080802e-14
452,25.0,0.0020008087158203125,-24.0,5.684341886080802e-14
453,12.0,0.0010001659393310547,88.0,5.684341886080802e-14
454,16.0,0.0010001659393310547,84.0,5.684341886080802e-14
455,12.0,0.0010004043579101562,88.0,5.684341886080802e-14
456,12.0,0.0010001659393310547,88.0,5.684341886080802e-14
457,16.0,0.0009999275207519531,84.0,5.684341886080802e-14
458,24.0,0.0010001659393310547,-23.0,5.684341886080802e-14
459,14.0,0.0,86.0,5.684341886080802e-14
460,12.0,0.0,88.0,5.684341886080802e-14
461,14.0,0.0,86.0,5.684341886080802e-14
462,47.0,0.0020003318786621094,-145.0,5.684341886080802e-14
463,14.0,0.0010004043579101562,86.0,5.684341886080802e-14
464,14.0,0.0010001659393310547,86.0,5.684341886080802e-14
465,14.0,0.0010004043579101562,86.0,5.684341886080802e-14
466,14.0,0.0010004043579101562,86.0,5.684341886080802e-14
467,12.0,0.0009999275207519531,88.0,5.684341886080802e-14
468,12.0,0.0010004043579101562,88.0,5.684341886080802e-14
469,24.0,0.0010001659393310547,-23.0,5.684341886080802e-14
470,12.0,0.0,88.0,5.684341886080802e-14
471,12.0,0.0,88.0,5.684341886080802e-14
472,12.0,0.0,88.0,5.684341886080802e-14
473,36.0,0.0010001659393310547,-233.0,5.684341886080802e-14
474,12.0,0.0,88.0,5.684341886080802e-14
475,19.0,0.0010004043579101562,-18.0,5.684341886080802e-14
476,24.0,0.0010001659393310547,-23.0,5.684341886080802e-14
477,20.0,0.0009996891021728516,80.0,5.684341886080802e-14
478,22.0,0.0010001659393310547,-21.0,5.684341886080802e-14
479,20.0,0.0009999275207519531,80.0,5.684341886080802e-14
480,19.0,0.0010004043579101562,-18.0,5.684341886080802e-14
481,12.0,0.0,88.0,5.684341886080802e-14
482,20.0,0.0009999275207519531,-19.0,5.684341886080802e-14
483,16.0,0.0010006427764892578,84.0,5.684341886080802e-14
484,12.0,0.0009999275207519531,88.0,5.684341886080802e-14
485,15.0,0.0010001659393310547,85.0,5.684341886080802e-14
486,12.0,0.0010004043579101562,88.0,5.684341886080802e-14
487,12.0,0.0010004043579101562,88.0,5.684341886080802e-14
488,16.0,0.0009999275207519531,84.0,5.684341886080802e-14
489,22.0,0.0010004043579101562,-21.0,5.684341886080802e-14
490,16.0,0.0,84.0,5.684341886080802e-14
491,12.0,0.0,88.0,5.684341886080802e-14
492,23.0,0.0010001659393310547,-22.0,5.684341886080802e-14
493,13.0,0.0010004043579101562,87.0,5.684341886080802e-14
494,14.0,0.0010001659393310547,86.0,5.684341886080802e-14
495,15.0,0.0010004043579101562,-14.0,5.684341886080802e-14
496,16.0,0.0009999275207519531,84.0,5.684341886080802e-14
497,12.0,0.0010006427764892578,88.0,5.684341886080802e-14
498,12.0,0.0009999275207519531,88.0,5.684341886080802e-14
499,12.0,0.0010004043579101562,88.0,5.684341886080802e-14
500,12.0,0.0010001659393310547,88.0,5.684341886080802e-14
501,15.0,0.0010001659393310547,85.0,5.684341886080802e-14
502,12.0,0.0010001659393310547,88.0,5.684341886080802e-14
503,18.0,0.0010004043579101562,82.0,5.684341886080802e-14
504,12.0,0.0009999275207519531,88.0,5.684341886080802e-14
505,12.0,0.0010004043579101562,88.0,5.684341886080802e-14
506,14.0,0.0010001659393310547,86.0,5.684341886080802e-14
507,14.0,0.0010004043579101562,86.0,5.684341886080802e-14
508,26.0,0.0010001659393310547,-25.0,5.684341886080802e-14
509,14.0,0.0009999275207519531,86.0,5.684341886080802e-14
510,14.0,0.0010001659393310547,86.0,5.684341886080802e-14
511,13.0,0.0010004043579101562,87.0,5.684341886080802e-14
512,14.0,0.0009999275207519531,86.0,5.684341886080802e-14
513,12.0,0.0010001659393310547,88.0,5.684341886080802e-14
514,13.0,0.0009996891021728516,87.0,5.684341886080802e-14
515,12.0,0.0010004043579101562,88.0,5.684341886080802e-14
516,22.0,0.0009999275207519531,-21.0,5.684341886080802e-14
517,12.0,0.0010004043579101562,88.0,5.684341886080802e-14
518,16.0,0.0010006427764892578,84.0,5.684341886080802e-14
519,12.0,0.0009996891021728516,88.0,5.684341886080802e-14
520,12.0,0.0010004043579101562,88.0,5.684341886080802e-14
521,14.0,0.0010004043579101562,86.0,5.684341886080802e-14
522,14.0,0.0010001659393310547,86.0,5.684341886080802e-14
523,14.0,0.0009996891021728516,86.0,5.684341886080802e-14
524,14.0,0.0010006427764892578,86.0,5.684341886080802e-14
525,25.0,0.002000093460083008,-24.0,5.684341886080802e-14
526,14.0,0.0010001659393310547,86.0,5.684341886080802e-14
527,14.0,0.001001119613647461,86.0,5.684341886080802e-14
528,12.0,0.0010008811950683594,88.0,5.684341886080802e-14
529,20.0,0.0009996891021728516,-19.0,5.684341886080802e-14
530,14.0,0.00099945068359375,86.0,5.684341886080802e-14
531,16.0,0.0010004043579101562,84.0,5.684341886080802e-14
532,14.0,0.0010001659393310547,86.0,5.684341886080802e-14
533,12.0,0.0009999275207519531,88.0,5.684341886080802e-14
534,20.0,0.0010001659393310547,-19.0,5.684341886080802e-14
535,16.0,0.0,84.0,5.684341886080802e-14
536,12.0,0.0,88.0,5.684341886080802e-14
537,26.0,0.0009996891021728516,-25.0,5.684341886080802e-14
538,16.0,0.0010006427764892578,84.0,5.684341886080802e-14
539,12.0,0.0010001659393310547,88.0,5.684341886080802e-14
540,35.0,0.0019998550415039062,-133.0,5.684341886080802e-14
541,14.0,0.001001119613647461,86.0,5.684341886080802e-14
542,22.0,0.0019996166229248047,-21.0,5.684341886080802e-14
543,20.0,0.0010004043579101562,80.0,5.684341886080802e-14
544,15.0,0.0010006427764892578,85.0,5.684341886080802e-14
545,14.0,0.0010001659393310547,86.0,5.684341886080802e-14
546,12.0,0.0010001659393310547,88.0,5.684341886080802e-14
547,25.0,0.0009999275207519531,-123.0,5.684341886080802e-14
548,12.0,0.0,88.0,5.684341886080802e-14
549,13.0,0.0,87.0,5.684341886080802e-14
550,14.0,0.0,86.0,5.684341886080802e-14
551,12.0,0.0,88.0,5.684341886080802e-14
552,12.0,0.0010001659393310547,88.0,5.684341886080802e-14
553,12.0,0.0009999275207519531,88.0,5.684341886080802e-14
554,12.0,0.0009999275207519531,88.0,5.684341886080802e-14
555,14.0,0.0010001659393310547,86.0,5.684341886080802e-14
556,15.0,0.0010013580322265625,-14.0,5.684341886080802e-14
557,13.0,0.00099945068359375,87.0,5.684341886080802e-14
558,16.0,0.0010006427764892578,84.0,5.684341886080802e-14
559,12.0,0.00099945068359375,88.0,5.684341886080802e-14
560,16.0,0.0010004043579101562,84.0,5.684341886080802e-14
561,14.0,0.0,86.0,5.684341886080802e-14
562,12.0,0.0,88.0,5.684341886080802e-14
563,14.0,0.0009999275207519531,86.0,5.684341886080802e-14
564,14.0,0.0010001659393310547,86.0,5.684341886080802e-14
565,16.0,0.0010001659393310547,84.0,5.684341886080802e-14
566,12.0,0.0,88.0,5.684341886080802e-14
567,12.0,0.0,88.0,5.684341886080802e-14
568,16.0,0.0010004043579101562,84.0,5.684341886080802e-14
569,14.0,0.0,86.0,5.684341886080802e-14
570,12.0,0.0,88.0,5.684341886080802e-14
571,12.0,0.0010004043579101562,88.0,5.684341886080802e-14
572,26.0,0.002000570297241211,-25.0,5.684341886080802e-14
573,14.0,0.0009999275207519531,86.0,5.684341886080802e-14
574,14.0,0.0010001659393310547,86.0,5.684341886080802e-14
575,14.0,0.001001119613647461,86.0,5.684341886080802e-14
576,19.0,0.0009999275207519531,-18.0,5.684341886080802e-14
577,12.0,0.0010001659393310547,88.0,5.684341886080802e-14
578,12.0,0.0010001659393310547,88.0,5.684341886080802e-14
579,18.0,0.0009999275207519531,-17.0,5.684341886080802e-14
580,20.0,0.0010001659393310547,-19.0,5.684341886080802e-14
581,12.0,0.0,88.0,5.684341886080802e-14
582,14.0,0.0,86.0,5.684341886080802e-14
583,12.0,0.0,88.0,5.684341886080802e-14
584,16.0,0.0,-15.0,5.684341886080802e-14
585,12.0,0.0,88.0,5.684341886080802e-14
586,17.0,0.0,-16.0,5.684341886080802e-14
587,16.0,0.0009996891021728516,84.0,5.684341886080802e-14
588,14.0,0.0009996891021728516,86.0,5.684341886080802e-14
589,20.0,0.0010001659393310547,-19.0,5.684341886080802e-14
590,12.0,0.0010001659393310547,88.0,5.684341886080802e-14
591,13.0,0.0010006427764892578,-12.0,5.684341886080802e-14
592,16.0,0.0009999275207519531,84.0,5.684341886080802e-14
593,14.0,0.0010006427764892578,86.0,5.684341886080802e-14
594,12.0,0.0010008811950683594,88.0,5.684341886080802e-14
595,12.0,0.00099945068359375,88.0,5.684341886080802e-14
596,18.0,0.0010004043579101562,82.0,5.684341886080802e-14
597,40.0,0.002000093460083008,-237.0,5.684341886080802e-14
598,22.0,0.0009999275207519531,-21.0,5.684341886080802e-14
599,12.0,0.0010006427764892578,88.0,5.684341886080802e-14
600,16.0,0.0009999275207519531,84.0,5.684341886080802e-14
601,12.0,0.0010001659393310547,88.0,5.684341886080802e-14
602,29.0,0.0010006427764892578,-28.0,5.684341886080802e-14
603,20.0,0.001001119613647461,-19.0,5.684341886080802e-14
604,14.0,0.00099945068359375,86.0,5.684341886080802e-14
605,13.0,0.0010004043579101562,87.0,5.684341886080802e-14
606,18.0,0.0010006427764892578,-17.0,5.684341886080802e-14
607,12.0,0.0009999275207519531,88.0,5.684341886080802e-14
608,14.0,0.0010004043579101562,86.0,5.684341886080802e-14
609,12.0,0.0009996891021728516,88.0,5.684341886080802e-14
610,24.0,0.0010001659393310547,-23.0,5.684341886080802e-14
611,30.0,0.0009999275207519531,-227.0,5.684341886080802e-14
612,12.0,0.0010006427764892578,88.0,5.684341886080802e-14
613,12.0,0.0010008811950683594,88.0,5.684341886080802e-14
614,12.0,0.0009996891021728516,88.0,5.684341886080802e-14
615,16.0,0.0009996891021728516,84.0,5.684341886080802e-14
616,12.0,0.0010001659393310547,88.0,5.684341886080802e-14
617,22.0,0.0010006427764892578,-21.0,5.684341886080802e-14
618,15.0,0.0,85.0,5.684341886080802e-14
619,12.0,0.0,88.0,5.684341886080802e-14
620,12.0,0.0010006427764892578,88.0,5.684341886080802e-14
621,14.0,0.0009999275207519531,86.0,5.684341886080802e-14
622,12.0,0.0010004043579101562,88.0,5.684341886080802e-14
623,12.0,0.0010001659393310547,88.0,5.684341886080802e-14
624,12.0,0.0010004043579101562,88.0,5.684341886080802e-14
625,12.0,0.0010001659393310547,88.0,5.684341886080802e-14
626,12.0,0.0009999275207519531,88.0,5.684341886080802e-14
627,12.0,0.0010001659393310547,88.0,5.684341886080802e-14
628,14.0,0.0010001659393310547,86.0,5.684341886080802e-14
629,21.0,0.001001119613647461,-20.0,5.684341886080802e-14
630,14.0,0.0009999275207519531,86.0,5.684341886080802e-14
631,12.0,0.0009996891021728516,88.0,5.684341886080802e-14
632,12.0,0.0010006427764892578,88.0,5.684341886080802e-14
633,12.0,0.0009999275207519531,88.0,5.684341886080802e-14
634,18.0,0.0010001659393310547,82.0,5.684341886080802e-14
635,24.0,0.0020003318786621094,-23.0,5.684341886080802e-14
636,12.0,0.0010008811950683594,88.0,5.684341886080802e-14
637,19.0,0.0009996891021728516,-18.0,5.684341886080802e-14
638,12.0,0.0010001659393310547,88.0,5.684341886080802e-14
639,14.0,0.0010008811950683594,86.0,5.684341886080802e-14
640,12.0,0.0009999275207519531,88.0,5.684341886080802e-14
641,12.0,0.0010004043579101562,88.0,5.684341886080802e-14
642,20.0,0.0009996891021728516,-19.0,5.684341886080802e-14
643,12.0,0.0010001659393310547,88.0,5.684341886080802e-14
644,14.0,0.001001119613647461,86.0,5.684341886080802e-14
645,13.0,0.0009999275207519531,87.0,5.684341886080802e-14
646,12.0,0.0009996891021728516,88.0,5.684341886080802e-14
647,12.0,0.0010004043579101562,88.0,5.684341886080802e-14
648,12.0,0.0010008811950683594,88.0,5.684341886080802e-14
649,28.0,0.00099945068359375,-225.0,5.684341886080802e-14
650,30.0,0.0010006427764892578,-128.0,5.684341886080802e-14
651,12.0,0.0009996891021728516,88.0,5.684341886080802e-14
652,12.0,0.0010008811950683594,88.0,5.684341886080802e-14
653,14.0,0.0009996891021728516,86.0,5.684341886080802e-14
654,12.0,0.0010001659393310547,88.0,5.684341886080802e-14
655,14.0,0.0010006427764892578,86.0,5.684341886080802e-14
656,16.0,0.0010004043579101562,84.0,5.684341886080802e-14
657,16.0,0.0009996891021728516,84.0,5.684341886080802e-14
658,12.0,0.0010013580322265625,88.0,5.684341886080802e-14
659,12.0,0.0010001659393310547,88.0,5.684341886080802e-14
660,16.0,0.0009996891021728516,-15.0,5.684341886080802e-14
661,16.0,0.0009996891021728516,84.0,5.684341886080802e-14
662,12.0,0.0,88.0,5.684341886080802e-14
663,18.0,0.0010001659393310547,-17.0,5.684341886080802e-14
664,12.0,0.0,88.0,5.684341886080802e-14
665,12.0,0.0,88.0,5.684341886080802e-14
666,12.0,0.0,88.0,5.684341886080802e-14
667,12.0,0.0010001659393310547,88.0,5.684341886080802e-14
668,26.0,0.002001047134399414,-25.0,5.684341886080802e-14
669,14.0,0.0010001659393310547,86.0,5.684341886080802e-14
670,12.0,0.0010001659393310547,88.0,5.684341886080802e-14
671,12.0,0.0010004043579101562,88.0,5.684341886080802e-14
672,12.0,0.0,88.0,5.684341886080802e-14
673,14.0,0.0,86.0,5.684341886080802e-14
674,14.0,0.0010013580322265625,86.0,5.684341886080802e-14
675,25.0,0.0009992122650146484,-24.0,5.684341886080802e-14
676,12.0,0.0009999275207519531,88.0,5.684341886080802e-14
677,14.0,0.0010008811950683594,86.0,5.684341886080802e-14
678,18.0,0.0010001659393310547,-17.0,5.684341886080802e-14
679,14.0,0.0010001659393310547,86.0,5.684341886080802e-14
680,14.0,0.0,86.0,5.684341886080802e-14
681,32.0,0.0009996891021728516,-130.0,5.684341886080802e-14
682,12.0,0.0010004043579101562,88.0,5.684341886080802e-14
683,14.0,0.0009999275207519531,86.0,5.684341886080802e-14
684,21.0,0.0010006427764892578,-20.0,5.684341886080802e-14
685,14.0,0.0,86.0,5.684341886080802e-14
686,12.0,0.0,88.0,5.684341886080802e-14
687,22.0,0.0010004043579101562,-21.0,5.684341886080802e-14
688,14.0,0.0010006427764892578,86.0,5.684341886080802e-14
689,12.0,0.0009992122650146484,88.0,5.684341886080802e-14
690,12.0,0.0010001659393310547,88.0,5.684341886080802e-14
691,16.0,0.0010018348693847656,-15.0,5.684341886080802e-14
692,12.0,0.0009992122650146484,88.0,5.684341886080802e-14
693,28.0,0.0009996891021728516,-27.0,5.684341886080802e-14
694,14.0,0.0,86.0,5.684341886080802e-14
695,18.0,0.0009999275207519531,82.0,5.684341886080802e-14
696,12.0,0.0,88.0,5.684341886080802e-14
697,12.0,0.0,88.0,5.684341886080802e-14
698,12.0,0.0,88.0,5.684341886080802e-14
699,12.0,0.0,88.0,5.684341886080802e-14
700,14.0,0.0,86.0,5.684341886080802e-14
701,12.0,0.0,88.0,5.684341886080802e-14
702,12.0,0.0010004043579101562,88.0,5.684341886080802e-14
703,17.0,0.001001119613647461,-16.0,5.684341886080802e-14
704,12.0,0.0,88.0,5.684341886080802e-14
705,16.0,0.0009999275207519531,84.0,5.684341886080802e-14
706,16.0,0.0,84.0,5.684341886080802e-14
707,24.0,0.0010001659393310547,-23.0,5.684341886080802e-14
708,14.0,0.0010001659393310547,86.0,5.684341886080802e-14
709,12.0,0.0010004043579101562,88.0,5.684341886080802e-14
710,19.0,0.0009999275207519531,-18.0,5.684341886080802e-14
711,12.0,0.0010001659393310547,88.0,5.684341886080802e-14
712,12.0,0.0010004043579101562,88.0,5.684341886080802e-14
713,18.0,0.0010013580322265625,82.0,5.684341886080802e-14
714,12.0,0.0009992122650146484,88.0,5.684341886080802e-14
715,46.0,0.003000497817993164,-243.0,5.684341886080802e-14
716,17.0,0.0010001659393310547,-16.0,5.684341886080802e-14
717,12.0,0.001001119613647461,88.0,5.684341886080802e-14
718,12.0,0.0009992122650146484,88.0,5.684341886080802e-14
719,27.0,0.0010008811950683594,-26.0,5.684341886080802e-14
720,12.0,0.0,88.0,5.684341886080802e-14
721,12.0,0.0009999275207519531,88.0,5.684341886080802e-14
722,14.0,0.0010006427764892578,86.0,5.684341886080802e-14
723,14.0,0.0010001659393310547,86.0,5.684341886080802e-14
724,14.0,0.0009999275207519531,86.0,5.684341886080802e-14
725,15.0,0.0009999275207519531,-14.0,5.684341886080802e-14
726,12.0,0.0,88.0,5.684341886080802e-14
727,14.0,0.0010001659393310547,86.0,5.684341886080802e-14
728,23.0,0.0020003318786621094,-22.0,5.684341886080802e-14
729,12.0,0.0010006427764892578,88.0,5.684341886080802e-14
730,12.0,0.0,88.0,5.684341886080802e-14
731,29.0,0.0010001659393310547,-28.0,5.684341886080802e-14
732,12.0,0.0,88.0,5.684341886080802e-14
733,13.0,0.0009996891021728516,87.0,5.684341886080802e-14
734,12.0,0.0010001659393310547,88.0,5.684341886080802e-14
735,15.0,0.0009999275207519531,85.0,5.684341886080802e-14
736,15.0,0.0009999275207519531,-14.0,5.684341886080802e-14
737,14.0,0.0010006427764892578,86.0,5.684341886080802e-14
738,23.0,0.0019998550415039062,-22.0,5.684341886080802e-14
739,12.0,0.0010004043579101562,88.0,5.684341886080802e-14
740,12.0,0.0,88.0,5.684341886080802e-14
741,12.0,0.0,88.0,5.684341886080802e-14
742,23.0,0.0010008811950683594,-22.0,5.684341886080802e-14
743,12.0,0.0009996891021728516,88.0,5.684341886080802e-14
744,12.0,0.0010004043579101562,88.0,5.684341886080802e-14
745,12.0,0.001001119613647461,88.0,5.684341886080802e-14
746,12.0,0.0009992122650146484,88.0,5.684341886080802e-14
747,21.0,0.001001119613647461,-20.0,5.684341886080802e-14
748,14.0,0.0009992122650146484,86.0,5.684341886080802e-14
749,14.0,0.0010004043579101562,86.0,5.684341886080802e-14
750,12.0,0.0010004043579101562,88.0,5.684341886080802e-14
751,12.0,0.0010004043579101562,88.0,5.684341886080802e-14
752,14.0,0.0010001659393310547,86.0,5.684341886080802e-14
753,14.0,0.0010004043579101562,86.0,5.684341886080802e-14
754,18.0,0.0009999275207519531,-116.0,5.684341886080802e-14
755,12.0,0.0010001659393310547,88.0,5.684341886080802e-14
756,12.0,0.0010006427764892578,88.0,5.684341886080802e-14
757,24.0,0.0010001659393310547,-23.0,5.684341886080802e-14
758,14.0,0.0,86.0,5.684341886080802e-14
759,16.0,0.0010006427764892578,-15.0,5.684341886080802e-14
760,12.0,0.0,88.0,5.684341886080802e-14
761,14.0,0.0,86.0,5.684341886080802e-14
762,12.0,0.0,88.0,5.684341886080802e-14
763,12.0,0.0,88.0,5.684341886080802e-14
764,12.0,0.0,88.0,5.684341886080802e-14
765,12.0,0.0,88.0,5.684341886080802e-14
766,14.0,0.0,86.0,5.684341886080802e-14
767,12.0,0.0,88.0,5.684341886080802e-14
768,12.0,0.0010001659393310547,88.0,5.684341886080802e-14
769,12.0,0.0009999275207519531,88.0,5.684341886080802e-14
770,14.0,0.0010008811950683594,86.0,5.684341886080802e-14
771,12.0,0.0009996891021728516,88.0,5.684341886080802e-14
772,14.0,0.0010006427764892578,86.0,5.684341886080802e-14
773,14.0,0.0009996891021728516,86.0,5.684341886080802e-14
774,16.0,0.0010001659393310547,-15.0,5.684341886080802e-14
775,15.0,0.0010004043579101562,85.0,5.684341886080802e-14
776,18.0,0.0010001659393310547,82.0,5.684341886080802e-14
777,22.0,0.0010001659393310547,-21.0,5.684341886080802e-14
778,14.0,0.0010018348693847656,86.0,5.684341886080802e-14
779,25.0,0.0009996891021728516,-24.0,5.684341886080802e-14
780,12.0,0.0,88.0,5.684341886080802e-14
781,14.0,0.0,86.0,5.684341886080802e-14
782,18.0,0.0,-17.0,5.684341886080802e-14
783,12.0,0.0,88.0,5.684341886080802e-14
784,12.0,0.0,88.0,5.684341886080802e-14
785,13.0,0.0,87.0,5.684341886080802e-14
786,12.0,0.0,88.0,5.684341886080802e-14
787,16.0,0.0,84.0,5.684341886080802e-14
788,14.0,0.0,86.0,5.684341886080802e-14
789,22.0,0.0009999275207519531,-120.0,5.684341886080802e-14
790,13.0,0.0010008811950683594,-12.0,5.684341886080802e-14
791,12.0,0.0009996891021728516,88.0,5.684341886080802e-14
792,14.0,0.0009999275207519531,86.0,5.684341886080802e-14
793,17.0,0.0010020732879638672,83.0,5.684341886080802e-14
794,14.0,0.0009987354278564453,86.0,5.684341886080802e-14
795,12.0,0.0010001659393310547,88.0,5.684341886080802e-14
796,12.0,0.0010004043579101562,88.0,5.684341886080802e-14
797,16.0,0.0009999275207519531,84.0,5.684341886080802e-14
798,18.0,0.0010004043579101562,-17.0,5.684341886080802e-14
799,14.0,0.0009996891021728516,86.0,5.684341886080802e-14
800,12.0,0.0010006427764892578,88.0,5.684341886080802e-14
801,12.0,0.001001119613647461,88.0,5.684341886080802e-14
802,14.0,0.0009996891021728516,86.0,5.684341886080802e-14
803,12.0,0.0009999275207519531,88.0,5.684341886080802e-14
804,12.0,0.0009999275207519531,88.0,5.684341886080802e-14
805,12.0,0.0010004043579101562,88.0,5.684341886080802e-14
806,15.0,0.0010001659393310547,85.0,5.684341886080802e-14
807,14.0,0.0010001659393310547,86.0,5.684341886080802e-14
808,14.0,0.0010004043579101562,86.0,5.684341886080802e-14
809,12.0,0.0010008811950683594,88.0,5.684341886080802e-14
810,12.0,0.0009999275207519531,88.0,5.684341886080802e-14
811,14.0,0.0009996891021728516,86.0,5.684341886080802e-14
812,14.0,0.0010001659393310547,86.0,5.684341886080802e-14
813,14.0,0.0010008811950683594,86.0,5.684341886080802e-14
814,23.0,0.00099945068359375,-22.0,5.684341886080802e-14
815,12.0,0.0,88.0,5.684341886080802e-14
816,12.0,0.0,88.0,5.684341886080802e-14
817,12.0,0.0010001659393310547,88.0,5.684341886080802e-14
818,12.0,0.0010008811950683594,88.0,5.684341886080802e-14
819,12.0,0.0009999275207519531,88.0,5.684341886080802e-14
820,12.0,0.0010004043579101562,88.0,5.684341886080802e-14
821,12.0,0.0009999275207519531,88.0,5.684341886080802e-14
822,12.0,0.0010004043579101562,88.0,5.684341886080802e-14
823,12.0,0.0009999275207519531,88.0,5.684341886080802e-14
824,22.0,0.0010001659393310547,-21.0,5.684341886080802e-14
825,12.0,0.0010013580322265625,88.0,5.684341886080802e-14
826,17.0,0.0009989738464355469,-16.0,5.684341886080802e-14
827,14.0,0.0010001659393310547,86.0,5.684341886080802e-14
828,14.0,0.0010008811950683594,86.0,5.684341886080802e-14
829,12.0,0.0,88.0,5.684341886080802e-14
830,12.0,0.0010004043579101562,88.0,5.684341886080802e-14
831,12.0,0.0009999275207519531,88.0,5.684341886080802e-14
832,12.0,0.0010001659393310547,88.0,5.684341886080802e-14
833,14.0,0.0010001659393310547,86.0,5.684341886080802e-14
834,14.0,0.0010001659393310547,86.0,5.684341886080802e-14
835,14.0,0.0010008811950683594,86.0,5.684341886080802e-14
836,14.0,0.0010001659393310547,86.0,5.684341886080802e-14
837,12.0,0.0010004043579101562,88.0,5.684341886080802e-14
838,16.0,0.0009999275207519531,84.0,5.684341886080802e-14
839,14.0,0.0009999275207519531,86.0,5.684341886080802e-14
840,14.0,0.0010004043579101562,86.0,5.684341886080802e-14
841,13.0,0.0010013580322265625,-12.0,5.684341886080802e-14
842,12.0,0.0009992122650146484,88.0,5.684341886080802e-14
843,12.0,0.0009996891021728516,88.0,5.684341886080802e-14
844,14.0,0.0010006427764892578,86.0,5.684341886080802e-14
845,12.0,0.0010001659393310547,88.0,5.684341886080802e-14
846,15.0,0.0010001659393310547,-14.0,5.684341886080802e-14
847,12.0,0.0010001659393310547,88.0,5.684341886080802e-14
848,12.0,0.0010013580322265625,88.0,5.684341886080802e-14
849,14.0,0.00099945068359375,86.0,5.684341886080802e-14
850,12.0,0.0010001659393310547,88.0,5.684341886080802e-14
851,12.0,0.0009996891021728516,88.0,5.684341886080802e-14
852,14.0,0.0010008811950683594,86.0,5.684341886080802e-14
853,12.0,0.0010001659393310547,88.0,5.684341886080802e-14
854,14.0,0.0010001659393310547,86.0,5.684341886080802e-14
855,12.0,0.0010001659393310547,88.0,5.684341886080802e-14
856,13.0,0.0009999275207519531,87.0,5.684341886080802e-14
857,13.0,0.0,87.0,5.684341886080802e-14
858,12.0,0.0,88.0,5.684341886080802e-14
859,15.0,0.0,85.0,5.684341886080802e-14
860,12.0,0.0,88.0,5.684341886080802e-14
861,15.0,0.0,-14.0,5.684341886080802e-14
862,12.0,0.0,88.0,5.684341886080802e-14
863,12.0,0.0,88.0,5.684341886080802e-14
864,22.0,0.0010001659393310547,-21.0,5.684341886080802e-14
865,12.0,0.0010001659393310547,88.0,5.684341886080802e-14
866,15.0,0.0010001659393310547,85.0,5.684341886080802e-14
867,12.0,0.0010006427764892578,88.0,5.684341886080802e-14
868,12.0,0.0010001659393310547,88.0,5.684341886080802e-14
869,14.0,0.0010004043579101562,86.0,5.684341886080802e-14
870,12.0,0.0010004043579101562,88.0,5.684341886080802e-14
871,14.0,0.0009999275207519531,86.0,5.684341886080802e-14
872,13.0,0.0010004043579101562,-12.0,5.684341886080802e-14
873,14.0,0.0010004043579101562,86.0,5.684341886080802e-14
874,12.0,0.0,88.0,5.684341886080802e-14
875,16.0,0.0009999275207519531,84.0,5.684341886080802e-14
876,14.0,0.0010001659393310547,86.0,5.684341886080802e-14
877,12.0,0.0010008811950683594,88.0,5.684341886080802e-14
878,12.0,0.0,88.0,5.684341886080802e-14
879,12.0,0.0,88.0,5.684341886080802e-14
880,12.0,0.0,88.0,5.684341886080802e-14
881,12.0,0.0,88.0,5.684341886080802e-14
882,16.0,0.0,84.0,5.684341886080802e-14
883,14.0,0.0,86.0,5.684341886080802e-14
884,14.0,0.0,86.0,5.684341886080802e-14
885,12.0,0.0,88.0,5.684341886080802e-14
886,12.0,0.0,88.0,5.684341886080802e-14
887,12.0,0.0,88.0,5.684341886080802e-14
888,12.0,0.0009996891021728516,88.0,5.684341886080802e-14
889,12.0,0.0010006427764892578,88.0,5.684341886080802e-14
890,12.0,0.0010004043579101562,88.0,5.684341886080802e-14
891,12.0,0.0009999275207519531,88.0,5.684341886080802e-14
892,12.0,0.0009999275207519531,88.0,5.684341886080802e-14
893,13.0,0.0010001659393310547,87.0,5.684341886080802e-14
894,12.0,0.0010008811950683594,88.0,5.684341886080802e-14
895,16.0,0.0010001659393310547,-15.0,5.684341886080802e-14
896,12.0,0.0009999275207519531,88.0,5.684341886080802e-14
897,12.0,0.0010008811950683594,88.0,5.684341886080802e-14
898,12.0,0.00099945068359375,88.0,5.684341886080802e-14
899,17.0,0.0010004043579101562,-16.0,5.684341886080802e-14
900,12.0,0.0010001659393310547,88.0,5.684341886080802e-14
901,28.0,0.0010004043579101562,-27.0,5.684341886080802e-14
902,12.0,0.0,88.0,5.684341886080802e-14
903,16.0,0.0,84.0,5.684341886080802e-14
904,12.0,0.0,88.0,5.684341886080802e-14
905,12.0,0.0,88.0,5.684341886080802e-14
906,12.0,0.0,88.0,5.684341886080802e-14
907,12.0,0.00099945068359375,88.0,5.684341886080802e-14
908,15.0,0.0010006427764892578,85.0,5.684341886080802e-14
909,16.0,0.0009999275207519531,84.0,5.684341886080802e-14
910,12.0,0.0,88.0,5.684341886080802e-14
911,12.0,0.0,88.0,5.684341886080802e-14
912,20.0,0.0009999275207519531,-19.0,5.684341886080802e-14
913,12.0,0.0,88.0,5.684341886080802e-14
914,27.0,0.0010001659393310547,-125.0,5.684341886080802e-14
915,12.0,0.0010001659393310547,88.0,5.684341886080802e-14
916,12.0,0.0010001659393310547,88.0,5.684341886080802e-14
917,12.0,0.0010001659393310547,88.0,5.684341886080802e-14
918,18.0,0.0010006427764892578,82.0,5.684341886080802e-14
919,12.0,0.0010004043579101562,88.0,5.684341886080802e-14
920,12.0,0.0010001659393310547,88.0,5.684341886080802e-14
921,12.0,0.0010004043579101562,88.0,5.684341886080802e-14
922,12.0,0.0009996891021728516,88.0,5.684341886080802e-14
923,12.0,0.0010001659393310547,88.0,5.684341886080802e-14
924,12.0,0.0,88.0,5.684341886080802e-14
925,12.0,0.0,88.0,5.684341886080802e-14
926,14.0,0.0,86.0,5.684341886080802e-14
927,12.0,0.0,88.0,5.684341886080802e-14
928,12.0,0.0,88.0,5.684341886080802e-14
929,16.0,0.0,-15.0,5.684341886080802e-14
930,12.0,0.0,88.0,5.684341886080802e-14
931,12.0,0.0,88.0,5.684341886080802e-14
932,12.0,0.0,88.0,5.684341886080802e-14
933,22.0,0.0009996891021728516,-21.0,5.684341886080802e-14
934,12.0,0.0010004043579101562,88.0,5.684341886080802e-14
935,13.0,0.0010001659393310547,87.0,5.684341886080802e-14
936,14.0,0.0010006427764892578,86.0,5.684341886080802e-14
937,12.0,0.0010006427764892578,88.0,5.684341886080802e-14
938,12.0,0.0,88.0,5.684341886080802e-14
939,22.0,0.0009999275207519531,-120.0,5.684341886080802e-14
940,15.0,0.0010006427764892578,-14.0,5.684341886080802e-14
941,12.0,0.0009996891021728516,88.0,5.684341886080802e-14
942,12.0,0.0010004043579101562,88.0,5.684341886080802e-14
943,12.0,0.0010004043579101562,88.0,5.684341886080802e-14
944,18.0,0.0010004043579101562,-17.0,5.684341886080802e-14
945,12.0,0.0009999275207519531,88.0,5.684341886080802e-14
946,12.0,0.0010004043579101562,88.0,5.684341886080802e-14
947,12.0,0.0010004043579101562,88.0,5.684341886080802e-14
948,20.0,0.0010001659393310547,-19.0,5.684341886080802e-14
949,12.0,0.0009996891021728516,88.0,5.684341886080802e-14
950,14.0,0.0010006427764892578,86.0,5.684341886080802e-14
951,14.0,0.0009999275207519531,86.0,5.684341886080802e-14
952,12.0,0.0010001659393310547,88.0,5.684341886080802e-14
953,14.0,0.001001119613647461,86.0,5.684341886080802e-14
954,14.0,0.0010001659393310547,86.0,5.684341886080802e-14
955,12.0,0.0009992122650146484,88.0,5.684341886080802e-14
956,12.0,0.0010004043579101562,88.0,5.684341886080802e-14
957,19.0,0.0010004043579101562,-18.0,5.684341886080802e-14
958,14.0,0.0010004043579101562,86.0,5.684341886080802e-14
959,12.0,0.0010001659393310547,88.0,5.684341886080802e-14
960,16.0,0.0010004043579101562,84.0,5.684341886080802e-14
961,32.0,0.002000093460083008,-130.0,5.684341886080802e-14
962,12.0,0.0010006427764892578,88.0,5.684341886080802e-14
963,14.0,0.0009996891021728516,86.0,5.684341886080802e-14
964,12.0,0.0010001659393310547,88.0,5.684341886080802e-14
965,25.0,0.0010006427764892578,-24.0,5.684341886080802e-14
966,23.0,0.0010001659393310547,-22.0,5.684341886080802e-14
967,29.0,0.0020008087158203125,-127.0,5.684341886080802e-14
968,14.0,0.0009996891021728516,86.0,5.684341886080802e-14
969,13.0,0.0010006427764892578,87.0,5.684341886080802e-14
970,12.0,0.0,88.0,5.684341886080802e-14
971,12.0,0.0,88.0,5.684341886080802e-14
972,12.0,0.0,88.0,5.684341886080802e-14
973,12.0,0.0,88.0,5.684341886080802e-14
974,12.0,0.0,88.0,5.684341886080802e-14
975,12.0,0.0010001659393310547,88.0,5.684341886080802e-14
976,12.0,0.001001596450805664,88.0,5.684341886080802e-14
977,12.0,0.0009992122650146484,88.0,5.684341886080802e-14
978,12.0,0.0010004043579101562,88.0,5.684341886080802e-14
979,14.0,0.0009996891021728516,86.0,5.684341886080802e-14
980,14.0,0.0010004043579101562,86.0,5.684341886080802e-14
981,12.0,0.0010001659393310547,88.0,5.684341886080802e-14
982,12.0,0.0010001659393310547,88.0,5.684341886080802e-14
983,14.0,0.001001119613647461,86.0,5.684341886080802e-14
984,12.0,0.00099945068359375,88.0,5.684341886080802e-14
985,14.0,0.0010006427764892578,86.0,5.684341886080802e-14
986,19.0,0.0010001659393310547,-18.0,5.684341886080802e-14
987,19.0,0.0010001659393310547,-117.0,5.684341886080802e-14
988,14.0,0.0,86.0,5.684341886080802e-14
989,20.0,0.0010001659393310547,-19.0,5.684341886080802e-14
990,24.0,0.0009999275207519531,-23.0,5.684341886080802e-14
991,12.0,0.0010004043579101562,88.0,5.684341886080802e-14
992,16.0,0.0010006427764892578,-15.0,5.684341886080802e-14
993,14.0,0.0009996891021728516,86.0,5.684341886080802e-14
994,12.0,0.0010004043579101562,88.0,5.684341886080802e-14
995,12.0,0.0010004043579101562,88.0,5.684341886080802e-14
996,14.0,0.0009999275207519531,86.0,5.684341886080802e-14
997,12.0,0.0010004043579101562,88.0,5.684341886080802e-14
998,13.0,0.0010006427764892578,-12.0,5.684341886080802e-14
999,12.0,0.0010004043579101562,88.0,5.684341886080802e-14
1000,0.0,0.0,0.0,0.0
1001,0.0,0.0,0.0,0.0
1002,0.0,0.0,0.0,0.0
1003,0.0,0.0,0.0,0.0
1004,0.0,0.0,0.0,0.0
1005,0.0,0.0,0.0,0.0
1006,0.0,0.0,0.0,0.0
1007,0.0,0.0,0.0,0.0
1008,0.0,0.0,0.0,0.0
1009,0.0,0.0,0.0,0.0
1010,0.0,0.0,0.0,0.0
1011,0.0,0.0,0.0,0.0
1012,0.0,0.0,0.0,0.0
1013,0.0,0.0,0.0,0.0
1014,0.0,0.0,0.0,0.0
1015,0.0,0.0,0.0,0.0
1016,0.0,0.0,0.0,0.0
1017,0.0,0.0,0.0,0.0
1018,0.0,0.0,0.0,0.0
1019,0.0,0.0,0.0,0.0
1020,0.0,0.0,0.0,0.0
1021,0.0,0.0,0.0,0.0
1022,0.0,0.0,0.0,0.0
1023,0.0,0.0,0.0,0.0
1024,0.0,0.0,0.0,0.0
1025,0.0,0.0,0.0,0.0
1026,0.0,0.0,0.0,0.0
1027,0.0,0.0,0.0,0.0
1028,0.0,0.0,0.0,0.0
1029,0.0,0.0,0.0,0.0
1030,0.0,0.0,0.0,0.0
1031,0.0,0.0,0.0,0.0
1032,0.0,0.0,0.0,0.0
1033,0.0,0.0,0.0,0.0
1034,0.0,0.0,0.0,0.0
1035,0.0,0.0,0.0,0.0
1036,0.0,0.0,0.0,0.0
1037,0.0,0.0,0.0,0.0
1038,0.0,0.0,0.0,0.0
1039,0.0,0.0,0.0,0.0
1040,0.0,0.0,0.0,0.0
1041,0.0,0.0,0.0,0.0
1042,0.0,0.0,0.0,0.0
1043,0.0,0.0,0.0,0.0
1044,0.0,0.0,0.0,0.0
1045,0.0,0.0,0.0,0.0
1046,0.0,0.0,0.0,0.0
1047,0.0,0.0,0.0,0.0
1048,0.0,0.0,0.0,0.0
1049,0.0,0.0,0.0,0.0
1050,0.0,0.0,0.0,0.0
1051,0.0,0.0,0.0,0.0
1052,0.0,0.0,0.0,0.0
1053,0.0,0.0,0.0,0.0
1054,0.0,0.0,0.0,0.0
1055,0.0,0.0,0.0,0.0
1056,0.0,0.0,0.0,0.0
1057,0.0,0.0,0.0,0.0
1058,0.0,0.0,0.0,0.0
1059,0.0,0.0,0.0,0.0
1060,0.0,0.0,0.0,0.0
1061,0.0,0.0,0.0,0.0
1062,0.0,0.0,0.0,0.0
1063,0.0,0.0,0.0,0.0
1064,0.0,0.0,0.0,0.0
1065,0.0,0.0,0.0,0.0
1066,0.0,0.0,0.0,0.0
1067,0.0,0.0,0.0,0.0
1068,0.0,0.0,0.0,0.0
1069,0.0,0.0,0.0,0.0
1070,0.0,0.0,0.0,0.0
1071,0.0,0.0,0.0,0.0
1072,0.0,0.0,0.0,0.0
1073,0.0,0.0,0.0,0.0
1074,0.0,0.0,0.0,0.0
1075,0.0,0.0,0.0,0.0
1076,0.0,0.0,0.0,0.0
1077,0.0,0.0,0.0,0.0
1078,0.0,0.0,0.0,0.0
1079,0.0,0.0,0.0,0.0
1080,0.0,0.0,0.0,0.0
1081,0.0,0.0,0.0,0.0
1082,0.0,0.0,0.0,0.0
1083,0.0,0.0,0.0,0.0
1084,0.0,0.0,0.0,0.0
1085,0.0,0.0,0.0,0.0
1086,0.0,0.0,0.0,0.0
1087,0.0,0.0,0.0,0.0
1088,0.0,0.0,0.0,0.0
1089,0.0,0.0,0.0,0.0
1090,0.0,0.0,0.0,0.0
1091,0.0,0.0,0.0,0.0
1092,0.0,0.0,0.0,0.0
1093,0.0,0.0,0.0,0.0
1094,0.0,0.0,0.0,0.0
1095,0.0,0.0,0.0,0.0
1096,0.0,0.0,0.0,0.0
1097,0.0,0.0,0.0,0.0
1098,0.0,0.0,0.0,0.0
1099,0.0,0.0,0.0,0.0
1100,0.0,0.0,0.0,0.0
1101,0.0,0.0,0.0,0.0
1102,0.0,0.0,0.0,0.0
1103,0.0,0.0,0.0,0.0
1104,0.0,0.0,0.0,0.0
1105,0.0,0.0,0.0,0.0
1106,0.0,0.0,0.0,0.0
1107,0.0,0.0,0.0,0.0
1108,0.0,0.0,0.0,0.0
1109,0.0,0.0,0.0,0.0
1110,0.0,0.0,0.0,0.0
1111,0.0,0.0,0.0,0.0
1112,0.0,0.0,0.0,0.0
1113,0.0,0.0,0.0,0.0
1114,0.0,0.0,0.0,0.0
1115,0.0,0.0,0.0,0.0
1116,0.0,0.0,0.0,0.0
1117,0.0,0.0,0.0,0.0
1118,0.0,0.0,0.0,0.0
1119,0.0,0.0,0.0,0.0
1120,0.0,0.0,0.0,0.0
1121,0.0,0.0,0.0,0.0
1122,0.0,0.0,0.0,0.0
1123,0.0,0.0,0.0,0.0
1124,0.0,0.0,0.0,0.0
1125,0.0,0.0,0.0,0.0
1126,0.0,0.0,0.0,0.0
1127,0.0,0.0,0.0,0.0
1128,0.0,0.0,0.0,0.0
1129,0.0,0.0,0.0,0.0
1130,0.0,0.0,0.0,0.0
1131,0.0,0.0,0.0,0.0
1132,0.0,0.0,0.0,0.0
1133,0.0,0.0,0.0,0.0
1134,0.0,0.0,0.0,0.0
1135,0.0,0.0,0.0,0.0
1136,0.0,0.0,0.0,0.0
1137,0.0,0.0,0.0,0.0
1138,0.0,0.0,0.0,0.0
1139,0.0,0.0,0.0,0.0
1140,0.0,0.0,0.0,0.0
1141,0.0,0.0,0.0,0.0
1142,0.0,0.0,0.0,0.0
1143,0.0,0.0,0.0,0.0
1144,0.0,0.0,0.0,0.0
1145,0.0,0.0,0.0,0.0
1146,0.0,0.0,0.0,0.0
1147,0.0,0.0,0.0,0.0
1148,0.0,0.0,0.0,0.0
1149,0.0,0.0,0.0,0.0
1150,0.0,0.0,0.0,0.0
1151,0.0,0.0,0.0,0.0
1152,0.0,0.0,0.0,0.0
1153,0.0,0.0,0.0,0.0
1154,0.0,0.0,0.0,0.0
1155,0.0,0.0,0.0,0.0
1156,0.0,0.0,0.0,0.0
1157,0.0,0.0,0.0,0.0
1158,0.0,0.0,0.0,0.0
1159,0.0,0.0,0.0,0.0
1160,0.0,0.0,0.0,0.0
1161,0.0,0.0,0.0,0.0
1162,0.0,0.0,0.0,0.0
1163,0.0,0.0,0.0,0.0
1164,0.0,0.0,0.0,0.0
1165,0.0,0.0,0.0,0.0
1166,0.0,0.0,0.0,0.0
1167,0.0,0.0,0.0,0.0
1168,0.0,0.0,0.0,0.0
1169,0.0,0.0,0.0,0.0
1170,0.0,0.0,0.0,0.0
1171,0.0,0.0,0.0,0.0
1172,0.0,0.0,0.0,0.0
1173,0.0,0.0,0.0,0.0
1174,0.0,0.0,0.0,0.0
1175,0.0,0.0,0.0,0.0
1176,0.0,0.0,0.0,0.0
1177,0.0,0.0,0.0,0.0
1178,0.0,0.0,0.0,0.0
1179,0.0,0.0,0.0,0.0
1180,0.0,0.0,0.0,0.0
1181,0.0,0.0,0.0,0.0
1182,0.0,0.0,0.0,0.0
1183,0.0,0.0,0.0,0.0
1184,0.0,0.0,0.0,0.0
1185,0.0,0.0,0.0,0.0
1186,0.0,0.0,0.0,0.0
1187,0.0,0.0,0.0,0.0
1188,0.0,0.0,0.0,0.0
1189,0.0,0.0,0.0,0.0
1190,0.0,0.0,0.0,0.0
1191,0.0,0.0,0.0,0.0
1192,0.0,0.0,0.0,0.0
1193,0.0,0.0,0.0,0.0
1194,0.0,0.0,0.0,0.0
1195,0.0,0.0,0.0,0.0
1196,0.0,0.0,0.0,0.0
1197,0.0,0.0,0.0,0.0
1198,0.0,0.0,0.0,0.0
1199,0.0,0.0,0.0,0.0
1200,0.0,0.0,0.0,0.0
1201,0.0,0.0,0.0,0.0
1202,0.0,0.0,0.0,0.0
1203,0.0,0.0,0.0,0.0
1204,0.0,0.0,0.0,0.0
1205,0.0,0.0,0.0,0.0
1206,0.0,0.0,0.0,0.0
1207,0.0,0.0,0.0,0.0
1208,0.0,0.0,0.0,0.0
1209,0.0,0.0,0.0,0.0
1210,0.0,0.0,0.0,0.0
1211,0.0,0.0,0.0,0.0
1212,0.0,0.0,0.0,0.0
1213,0.0,0.0,0.0,0.0
1214,0.0,0.0,0.0,0.0
1215,0.0,0.0,0.0,0.0
1216,0.0,0.0,0.0,0.0
1217,0.0,0.0,0.0,0.0
1218,0.0,0.0,0.0,0.0
1219,0.0,0.0,0.0,0.0
1220,0.0,0.0,0.0,0.0
1221,0.0,0.0,0.0,0.0
1222,0.0,0.0,0.0,0.0
1223,0.0,0.0,0.0,0.0
1224,0.0,0.0,0.0,0.0
1225,0.0,0.0,0.0,0.0
1226,0.0,0.0,0.0,0.0
1227,0.0,0.0,0.0,0.0
1228,0.0,0.0,0.0,0.0
1229,0.0,0.0,0.0,0.0
1230,0.0,0.0,0.0,0.0
1231,0.0,0.0,0.0,0.0
1232,0.0,0.0,0.0,0.0
1233,0.0,0.0,0.0,0.0
1234,0.0,0.0,0.0,0.0
1235,0.0,0.0,0.0,0.0
1236,0.0,0.0,0.0,0.0
1237,0.0,0.0,0.0,0.0
1238,0.0,0.0,0.0,0.0
1239,0.0,0.0,0.0,0.0
1240,0.0,0.0,0.0,0.0
1241,0.0,0.0,0.0,0.0
1242,0.0,0.0,0.0,0.0
1243,0.0,0.0,0.0,0.0
1244,0.0,0.0,0.0,0.0
1245,0.0,0.0,0.0,0.0
1246,0.0,0.0,0.0,0.0
1247,0.0,0.0,0.0,0.0
1248,0.0,0.0,0.0,0.0
1249,0.0,0.0,0.0,0.0
1250,0.0,0.0,0.0,0.0
1251,0.0,0.0,0.0,0.0
1252,0.0,0.0,0.0,0.0
1253,0.0,0.0,0.0,0.0
1254,0.0,0.0,0.0,0.0
1255,0.0,0.0,0.0,0.0
1256,0.0,0.0,0.0,0.0
1257,0.0,0.0,0.0,0.0
1258,0.0,0.0,0.0,0.0
1259,0.0,0.0,0.0,0.0
1260,0.0,0.0,0.0,0.0
1261,0.0,0.0,0.0,0.0
1262,0.0,0.0,0.0,0.0
1263,0.0,0.0,0.0,0.0
1264,0.0,0.0,0.0,0.0
1265,0.0,0.0,0.0,0.0
1266,0.0,0.0,0.0,0.0
1267,0.0,0.0,0.0,0.0
1268,0.0,0.0,0.0,0.0
1269,0.0,0.0,0.0,0.0
1270,0.0,0.0,0.0,0.0
1271,0.0,0.0,0.0,0.0
1272,0.0,0.0,0.0,0.0
1273,0.0,0.0,0.0,0.0
1274,0.0,0.0,0.0,0.0
1275,0.0,0.0,0.0,0.0
1276,0.0,0.0,0.0,0.0
1277,0.0,0.0,0.0,0.0
1278,0.0,0.0,0.0,0.0
1279,0.0,0.0,0.0,0.0
1280,0.0,0.0,0.0,0.0
1281,0.0,0.0,0.0,0.0
1282,0.0,0.0,0.0,0.0
1283,0.0,0.0,0.0,0.0
1284,0.0,0.0,0.0,0.0
1285,0.0,0.0,0.0,0.0
1286,0.0,0.0,0.0,0.0
1287,0.0,0.0,0.0,0.0
1288,0.0,0.0,0.0,0.0
1289,0.0,0.0,0.0,0.0
1290,0.0,0.0,0.0,0.0
1291,0.0,0.0,0.0,0.0
1292,0.0,0.0,0.0,0.0
1293,0.0,0.0,0.0,0.0
1294,0.0,0.0,0.0,0.0
1295,0.0,0.0,0.0,0.0
1296,0.0,0.0,0.0,0.0
1297,0.0,0.0,0.0,0.0
1298,0.0,0.0,0.0,0.0
1299,0.0,0.0,0.0,0.0
1300,0.0,0.0,0.0,0.0
1301,0.0,0.0,0.0,0.0
1302,0.0,0.0,0.0,0.0
1303,0.0,0.0,0.0,0.0
1304,0.0,0.0,0.0,0.0
1305,0.0,0.0,0.0,0.0
1306,0.0,0.0,0.0,0.0
1307,0.0,0.0,0.0,0.0
1308,0.0,0.0,0.0,0.0
1309,0.0,0.0,0.0,0.0
1310,0.0,0.0,0.0,0.0
1311,0.0,0.0,0.0,0.0
1312,0.0,0.0,0.0,0.0
1313,0.0,0.0,0.0,0.0
1314,0.0,0.0,0.0,0.0
1315,0.0,0.0,0.0,0.0
1316,0.0,0.0,0.0,0.0
1317,0.0,0.0,0.0,0.0
1318,0.0,0.0,0.0,0.0
1319,0.0,0.0,0.0,0.0
1320,0.0,0.0,0.0,0.0
1321,0.0,0.0,0.0,0.0
1322,0.0,0.0,0.0,0.0
1323,0.0,0.0,0.0,0.0
1324,0.0,0.0,0.0,0.0
1325,0.0,0.0,0.0,0.0
1326,0.0,0.0,0.0,0.0
1327,0.0,0.0,0.0,0.0
1328,0.0,0.0,0.0,0.0
1329,0.0,0.0,0.0,0.0
1330,0.0,0.0,0.0,0.0
1331,0.0,0.0,0.0,0.0
1332,0.0,0.0,0.0,0.0
1333,0.0,0.0,0.0,0.0
1334,0.0,0.0,0.0,0.0
1335,0.0,0.0,0.0,0.0
1336,0.0,0.0,0.0,0.0
1337,0.0,0.0,0.0,0.0
1338,0.0,0.0,0.0,0.0
1339,0.0,0.0,0.0,0.0
1340,0.0,0.0,0.0,0.0
1341,0.0,0.0,0.0,0.0
1342,0.0,0.0,0.0,0.0
1343,0.0,0.0,0.0,0.0
1344,0.0,0.0,0.0,0.0
1345,0.0,0.0,0.0,0.0
1346,0.0,0.0,0.0,0.0
1347,0.0,0.0,0.0,0.0
1348,0.0,0.0,0.0,0.0
1349,0.0,0.0,0.0,0.0
1350,0.0,0.0,0.0,0.0
1351,0.0,0.0,0.0,0.0
1352,0.0,0.0,0.0,0.0
1353,0.0,0.0,0.0,0.0
1354,0.0,0.0,0.0,0.0
1355,0.0,0.0,0.0,0.0
1356,0.0,0.0,0.0,0.0
1357,0.0,0.0,0.0,0.0
1358,0.0,0.0,0.0,0.0
1359,0.0,0.0,0.0,0.0
1360,0.0,0.0,0.0,0.0
1361,0.0,0.0,0.0,0.0
1362,0.0,0.0,0.0,0.0
1363,0.0,0.0,0.0,0.0
1364,0.0,0.0,0.0,0.0
1365,0.0,0.0,0.0,0.0
1366,0.0,0.0,0.0,0.0
1367,0.0,0.0,0.0,0.0
1368,0.0,0.0,0.0,0.0
1369,0.0,0.0,0.0,0.0
1370,0.0,0.0,0.0,0.0
1371,0.0,0.0,0.0,0.0
1372,0.0,0.0,0.0,0.0
1373,0.0,0.0,0.0,0.0
1374,0.0,0.0,0.0,0.0
1375,0.0,0.0,0.0,0.0
1376,0.0,0.0,0.0,0.0
1377,0.0,0.0,0.0,0.0
1378,0.0,0.0,0.0,0.0
1379,0.0,0.0,0.0,0.0
1380,0.0,0.0,0.0,0.0
1381,0.0,0.0,0.0,0.0
1382,0.0,0.0,0.0,0.0
1383,0.0,0.0,0.0,0.0
1384,0.0,0.0,0.0,0.0
1385,0.0,0.0,0.0,0.0
1386,0.0,0.0,0.0,0.0
1387,0.0,0.0,0.0,0.0
1388,0.0,0.0,0.0,0.0
1389,0.0,0.0,0.0,0.0
1390,0.0,0.0,0.0,0.0
1391,0.0,0.0,0.0,0.0
1392,0.0,0.0,0.0,0.0
1393,0.0,0.0,0.0,0.0
1394,0.0,0.0,0.0,0.0
1395,0.0,0.0,0.0,0.0
1396,0.0,0.0,0.0,0.0
1397,0.0,0.0,0.0,0.0
1398,0.0,0.0,0.0,0.0
1399,0.0,0.0,0.0,0.0
1400,0.0,0.0,0.0,0.0
1401,0.0,0.0,0.0,0.0
1402,0.0,0.0,0.0,0.0
1403,0.0,0.0,0.0,0.0
1404,0.0,0.0,0.0,0.0
1405,0.0,0.0,0.0,0.0
1406,0.0,0.0,0.0,0.0
1407,0.0,0.0,0.0,0.0
1408,0.0,0.0,0.0,0.0
1409,0.0,0.0,0.0,0.0
1410,0.0,0.0,0.0,0.0
1411,0.0,0.0,0.0,0.0
1412,0.0,0.0,0.0,0.0
1413,0.0,0.0,0.0,0.0
1414,0.0,0.0,0.0,0.0
1415,0.0,0.0,0.0,0.0
1416,0.0,0.0,0.0,0.0
1417,0.0,0.0,0.0,0.0
1418,0.0,0.0,0.0,0.0
1419,0.0,0.0,0.0,0.0
1420,0.0,0.0,0.0,0.0
1421,0.0,0.0,0.0,0.0
1422,0.0,0.0,0.0,0.0
1423,0.0,0.0,0.0,0.0
1424,0.0,0.0,0.0,0.0
1425,0.0,0.0,0.0,0.0
1426,0.0,0.0,0.0,0.0
1427,0.0,0.0,0.0,0.0
1428,0.0,0.0,0.0,0.0
1429,0.0,0.0,0.0,0.0
1430,0.0,0.0,0.0,0.0
1431,0.0,0.0,0.0,0.0
1432,0.0,0.0,0.0,0.0
1433,0.0,0.0,0.0,0.0
1434,0.0,0.0,0.0,0.0
1435,0.0,0.0,0.0,0.0
1436,0.0,0.0,0.0,0.0
1437,0.0,0.0,0.0,0.0
1438,0.0,0.0,0.0,0.0
1439,0.0,0.0,0.0,0.0
1440,0.0,0.0,0.0,0.0
1441,0.0,0.0,0.0,0.0
1442,0.0,0.0,0.0,0.0
1443,0.0,0.0,0.0,0.0
1444,0.0,0.0,0.0,0.0
1445,0.0,0.0,0.0,0.0
1446,0.0,0.0,0.0,0.0
1447,0.0,0.0,0.0,0.0
1448,0.0,0.0,0.0,0.0
1449,0.0,0.0,0.0,0.0
1450,0.0,0.0,0.0,0.0
1451,0.0,0.0,0.0,0.0
1452,0.0,0.0,0.0,0.0
1453,0.0,0.0,0.0,0.0
1454,0.0,0.0,0.0,0.0
1455,0.0,0.0,0.0,0.0
1456,0.0,0.0,0.0,0.0
1457,0.0,0.0,0.0,0.0
1458,0.0,0.0,0.0,0.0
1459,0.0,0.0,0.0,0.0
1460,0.0,0.0,0.0,0.0
1461,0.0,0.0,0.0,0.0
1462,0.0,0.0,0.0,0.0
1463,0.0,0.0,0.0,0.0
1464,0.0,0.0,0.0,0.0
1465,0.0,0.0,0.0,0.0
1466,0.0,0.0,0.0,0.0
1467,0.0,0.0,0.0,0.0
1468,0.0,0.0,0.0,0.0
1469,0.0,0.0,0.0,0.0
1470,0.0,0.0,0.0,0.0
1471,0.0,0.0,0.0,0.0
1472,0.0,0.0,0.0,0.0
1473,0.0,0.0,0.0,0.0
1474,0.0,0.0,0.0,0.0
1475,0.0,0.0,0.0,0.0
1476,0.0,0.0,0.0,0.0
1477,0.0,0.0,0.0,0.0
1478,0.0,0.0,0.0,0.0
1479,0.0,0.0,0.0,0.0
1480,0.0,0.0,0.0,0.0
1481,0.0,0.0,0.0,0.0
1482,0.0,0.0,0.0,0.0
1483,0.0,0.0,0.0,0.0
1484,0.0,0.0,0.0,0.0
1485,0.0,0.0,0.0,0.0
1486,0.0,0.0,0.0,0.0
1487,0.0,0.0,0.0,0.0
1488,0.0,0.0,0.0,0.0
1489,0.0,0.0,0.0,0.0
1490,0.0,0.0,0.0,0.0
1491,0.0,0.0,0.0,0.0
1492,0.0,0.0,0.0,0.0
1493,0.0,0.0,0.0,0.0
1494,0.0,0.0,0.0,0.0
1495,0.0,0.0,0.0,0.0
1496,0.0,0.0,0.0,0.0
1497,0.0,0.0,0.0,0.0
1498,0.0,0.0,0.0,0.0
1499,0.0,0.0,0.0,0.0
1500,0.0,0.0,0.0,0.0
1501,0.0,0.0,0.0,0.0
1502,0.0,0.0,0.0,0.0
1503,0.0,0.0,0.0,0.0
1504,0.0,0.0,0.0,0.0
1505,0.0,0.0,0.0,0.0
1506,0.0,0.0,0.0,0.0
1507,0.0,0.0,0.0,0.0
1508,0.0,0.0,0.0,0.0
1509,0.0,0.0,0.0,0.0
1510,0.0,0.0,0.0,0.0
1511,0.0,0.0,0.0,0.0
1512,0.0,0.0,0.0,0.0
1513,0.0,0.0,0.0,0.0
1514,0.0,0.0,0.0,0.0
1515,0.0,0.0,0.0,0.0
1516,0.0,0.0,0.0,0.0
1517,0.0,0.0,0.0,0.0
1518,0.0,0.0,0.0,0.0
1519,0.0,0.0,0.0,0.0
1520,0.0,0.0,0.0,0.0
1521,0.0,0.0,0.0,0.0
1522,0.0,0.0,0.0,0.0
1523,0.0,0.0,0.0,0.0
1524,0.0,0.0,0.0,0.0
1525,0.0,0.0,0.0,0.0
1526,0.0,0.0,0.0,0.0
1527,0.0,0.0,0.0,0.0
1528,0.0,0.0,0.0,0.0
1529,0.0,0.0,0.0,0.0
1530,0.0,0.0,0.0,0.0
1531,0.0,0.0,0.0,0.0
1532,0.0,0.0,0.0,0.0
1533,0.0,0.0,0.0,0.0
1534,0.0,0.0,0.0,0.0
1535,0.0,0.0,0.0,0.0
1536,0.0,0.0,0.0,0.0
1537,0.0,0.0,0.0,0.0
1538,0.0,0.0,0.0,0.0
1539,0.0,0.0,0.0,0.0
1540,0.0,0.0,0.0,0.0
1541,0.0,0.0,0.0,0.0
1542,0.0,0.0,0.0,0.0
1543,0.0,0.0,0.0,0.0
1544,0.0,0.0,0.0,0.0
1545,0.0,0.0,0.0,0.0
1546,0.0,0.0,0.0,0.0
1547,0.0,0.0,0.0,0.0
1548,0.0,0.0,0.0,0.0
1549,0.0,0.0,0.0,0.0
1550,0.0,0.0,0.0,0.0
1551,0.0,0.0,0.0,0.0
1552,0.0,0.0,0.0,0.0
1553,0.0,0.0,0.0,0.0
1554,0.0,0.0,0.0,0.0
1555,0.0,0.0,0.0,0.0
1556,0.0,0.0,0.0,0.0
1557,0.0,0.0,0.0,0.0
1558,0.0,0.0,0.0,0.0
1559,0.0,0.0,0.0,0.0
1560,0.0,0.0,0.0,0.0
1561,0.0,0.0,0.0,0.0
1562,0.0,0.0,0.0,0.0
1563,0.0,0.0,0.0,0.0
1564,0.0,0.0,0.0,0.0
1565,0.0,0.0,0.0,0.0
1566,0.0,0.0,0.0,0.0
1567,0.0,0.0,0.0,0.0
1568,0.0,0.0,0.0,0.0
1569,0.0,0.0,0.0,0.0
1570,0.0,0.0,0.0,0.0
1571,0.0,0.0,0.0,0.0
1572,0.0,0.0,0.0,0.0
1573,0.0,0.0,0.0,0.0
1574,0.0,0.0,0.0,0.0
1575,0.0,0.0,0.0,0.0
1576,0.0,0.0,0.0,0.0
1577,0.0,0.0,0.0,0.0
1578,0.0,0.0,0.0,0.0
1579,0.0,0.0,0.0,0.0
1580,0.0,0.0,0.0,0.0
1581,0.0,0.0,0.0,0.0
1582,0.0,0.0,0.0,0.0
1583,0.0,0.0,0.0,0.0
1584,0.0,0.0,0.0,0.0
1585,0.0,0.0,0.0,0.0
1586,0.0,0.0,0.0,0.0
1587,0.0,0.0,0.0,0.0
1588,0.0,0.0,0.0,0.0
1589,0.0,0.0,0.0,0.0
1590,0.0,0.0,0.0,0.0
1591,0.0,0.0,0.0,0.0
1592,0.0,0.0,0.0,0.0
1593,0.0,0.0,0.0,0.0
1594,0.0,0.0,0.0,0.0
1595,0.0,0.0,0.0,0.0
1596,0.0,0.0,0.0,0.0
1597,0.0,0.0,0.0,0.0
1598,0.0,0.0,0.0,0.0
1599,0.0,0.0,0.0,0.0
1600,0.0,0.0,0.0,0.0
1601,0.0,0.0,0.0,0.0
1602,0.0,0.0,0.0,0.0
1603,0.0,0.0,0.0,0.0
1604,0.0,0.0,0.0,0.0
1605,0.0,0.0,0.0,0.0
1606,0.0,0.0,0.0,0.0
1607,0.0,0.0,0.0,0.0
1608,0.0,0.0,0.0,0.0
1609,0.0,0.0,0.0,0.0
1610,0.0,0.0,0.0,0.0
1611,0.0,0.0,0.0,0.0
1612,0.0,0.0,0.0,0.0
1613,0.0,0.0,0.0,0.0
1614,0.0,0.0,0.0,0.0
1615,0.0,0.0,0.0,0.0
1616,0.0,0.0,0.0,0.0
1617,0.0,0.0,0.0,0.0
1618,0.0,0.0,0.0,0.0
1619,0.0,0.0,0.0,0.0
1620,0.0,0.0,0.0,0.0
1621,0.0,0.0,0.0,0.0
1622,0.0,0.0,0.0,0.0
1623,0.0,0.0,0.0,0.0
1624,0.0,0.0,0.0,0.0
1625,0.0,0.0,0.0,0.0
1626,0.0,0.0,0.0,0.0
1627,0.0,0.0,0.0,0.0
1628,0.0,0.0,0.0,0.0
1629,0.0,0.0,0.0,0.0
1630,0.0,0.0,0.0,0.0
1631,0.0,0.0,0.0,0.0
1632,0.0,0.0,0.0,0.0
1633,0.0,0.0,0.0,0.0
1634,0.0,0.0,0.0,0.0
1635,0.0,0.0,0.0,0.0
1636,0.0,0.0,0.0,0.0
1637,0.0,0.0,0.0,0.0
1638,0.0,0.0,0.0,0.0
1639,0.0,0.0,0.0,0.0
1640,0.0,0.0,0.0,0.0
1641,0.0,0.0,0.0,0.0
1642,0.0,0.0,0.0,0.0
1643,0.0,0.0,0.0,0.0
1644,0.0,0.0,0.0,0.0
1645,0.0,0.0,0.0,0.0
1646,0.0,0.0,0.0,0.0
1647,0.0,0.0,0.0,0.0
1648,0.0,0.0,0.0,0.0
1649,0.0,0.0,0.0,0.0
1650,0.0,0.0,0.0,0.0
1651,0.0,0.0,0.0,0.0
1652,0.0,0.0,0.0,0.0
1653,0.0,0.0,0.0,0.0
1654,0.0,0.0,0.0,0.0
1655,0.0,0.0,0.0,0.0
1656,0.0,0.0,0.0,0.0
1657,0.0,0.0,0.0,0.0
1658,0.0,0.0,0.0,0.0
1659,0.0,0.0,0.0,0.0
1660,0.0,0.0,0.0,0.0
1661,0.0,0.0,0.0,0.0
1662,0.0,0.0,0.0,0.0
1663,0.0,0.0,0.0,0.0
1664,0.0,0.0,0.0,0.0
1665,0.0,0.0,0.0,0.0
1666,0.0,0.0,0.0,0.0
1667,0.0,0.0,0.0,0.0
1668,0.0,0.0,0.0,0.0
1669,0.0,0.0,0.0,0.0
1670,0.0,0.0,0.0,0.0
1671,0.0,0.0,0.0,0.0
1672,0.0,0.0,0.0,0.0
1673,0.0,0.0,0.0,0.0
1674,0.0,0.0,0.0,0.0
1675,0.0,0.0,0.0,0.0
1676,0.0,0.0,0.0,0.0
1677,0.0,0.0,0.0,0.0
1678,0.0,0.0,0.0,0.0
1679,0.0,0.0,0.0,0.0
1680,0.0,0.0,0.0,0.0
1681,0.0,0.0,0.0,0.0
1682,0.0,0.0,0.0,0.0
1683,0.0,0.0,0.0,0.0
1684,0.0,0.0,0.0,0.0
1685,0.0,0.0,0.0,0.0
1686,0.0,0.0,0.0,0.0
1687,0.0,0.0,0.0,0.0
1688,0.0,0.0,0.0,0.0
1689,0.0,0.0,0.0,0.0
1690,0.0,0.0,0.0,0.0
1691,0.0,0.0,0.0,0.0
1692,0.0,0.0,0.0,0.0
1693,0.0,0.0,0.0,0.0
1694,0.0,0.0,0.0,0.0
1695,0.0,0.0,0.0,0.0
1696,0.0,0.0,0.0,0.0
1697,0.0,0.0,0.0,0.0
1698,0.0,0.0,0.0,0.0
1699,0.0,0.0,0.0,0.0
1700,0.0,0.0,0.0,0.0
1701,0.0,0.0,0.0,0.0
1702,0.0,0.0,0.0,0.0
1703,0.0,0.0,0.0,0.0
1704,0.0,0.0,0.0,0.0
1705,0.0,0.0,0.0,0.0
1706,0.0,0.0,0.0,0.0
1707,0.0,0.0,0.0,0.0
1708,0.0,0.0,0.0,0.0
1709,0.0,0.0,0.0,0.0
1710,0.0,0.0,0.0,0.0
1711,0.0,0.0,0.0,0.0
1712,0.0,0.0,0.0,0.0
1713,0.0,0.0,0.0,0.0
1714,0.0,0.0,0.0,0.0
1715,0.0,0.0,0.0,0.0
1716,0.0,0.0,0.0,0.0
1717,0.0,0.0,0.0,0.0
1718,0.0,0.0,0.0,0.0
1719,0.0,0.0,0.0,0.0
1720,0.0,0.0,0.0,0.0
1721,0.0,0.0,0.0,0.0
1722,0.0,0.0,0.0,0.0
1723,0.0,0.0,0.0,0.0
1724,0.0,0.0,0.0,0.0
1725,0.0,0.0,0.0,0.0
1726,0.0,0.0,0.0,0.0
1727,0.0,0.0,0.0,0.0
1728,0.0,0.0,0.0,0.0
1729,0.0,0.0,0.0,0.0
1730,0.0,0.0,0.0,0.0
1731,0.0,0.0,0.0,0.0
1732,0.0,0.0,0.0,0.0
1733,0.0,0.0,0.0,0.0
1734,0.0,0.0,0.0,0.0
1735,0.0,0.0,0.0,0.0
1736,0.0,0.0,0.0,0.0
1737,0.0,0.0,0.0,0.0
1738,0.0,0.0,0.0,0.0
1739,0.0,0.0,0.0,0.0
1740,0.0,0.0,0.0,0.0
1741,0.0,0.0,0.0,0.0
1742,0.0,0.0,0.0,0.0
1743,0.0,0.0,0.0,0.0
1744,0.0,0.0,0.0,0.0
1745,0.0,0.0,0.0,0.0
1746,0.0,0.0,0.0,0.0
1747,0.0,0.0,0.0,0.0
1748,0.0,0.0,0.0,0.0
1749,0.0,0.0,0.0,0.0
1750,0.0,0.0,0.0,0.0
1751,0.0,0.0,0.0,0.0
1752,0.0,0.0,0.0,0.0
1753,0.0,0.0,0.0,0.0
1754,0.0,0.0,0.0,0.0
1755,0.0,0.0,0.0,0.0
1756,0.0,0.0,0.0,0.0
1757,0.0,0.0,0.0,0.0
1758,0.0,0.0,0.0,0.0
1759,0.0,0.0,0.0,0.0
1760,0.0,0.0,0.0,0.0
1761,0.0,0.0,0.0,0.0
1762,0.0,0.0,0.0,0.0
1763,0.0,0.0,0.0,0.0
1764,0.0,0.0,0.0,0.0
1765,0.0,0.0,0.0,0.0
1766,0.0,0.0,0.0,0.0
1767,0.0,0.0,0.0,0.0
1768,0.0,0.0,0.0,0.0
1769,0.0,0.0,0.0,0.0
1770,0.0,0.0,0.0,0.0
1771,0.0,0.0,0.0,0.0
1772,0.0,0.0,0.0,0.0
1773,0.0,0.0,0.0,0.0
1774,0.0,0.0,0.0,0.0
1775,0.0,0.0,0.0,0.0
1776,0.0,0.0,0.0,0.0
1777,0.0,0.0,0.0,0.0
1778,0.0,0.0,0.0,0.0
1779,0.0,0.0,0.0,0.0
1780,0.0,0.0,0.0,0.0
1781,0.0,0.0,0.0,0.0
1782,0.0,0.0,0.0,0.0
1783,0.0,0.0,0.0,0.0
1784,0.0,0.0,0.0,0.0
1785,0.0,0.0,0.0,0.0
1786,0.0,0.0,0.0,0.0
1787,0.0,0.0,0.0,0.0
1788,0.0,0.0,0.0,0.0
1789,0.0,0.0,0.0,0.0
1790,0.0,0.0,0.0,0.0
1791,0.0,0.0,0.0,0.0
1792,0.0,0.0,0.0,0.0
1793,0.0,0.0,0.0,0.0
1794,0.0,0.0,0.0,0.0
1795,0.0,0.0,0.0,0.0
1796,0.0,0.0,0.0,0.0
1797,0.0,0.0,0.0,0.0
1798,0.0,0.0,0.0,0.0
1799,0.0,0.0,0.0,0.0
1800,0.0,0.0,0.0,0.0
1801,0.0,0.0,0.0,0.0
1802,0.0,0.0,0.0,0.0
1803,0.0,0.0,0.0,0.0
1804,0.0,0.0,0.0,0.0
1805,0.0,0.0,0.0,0.0
1806,0.0,0.0,0.0,0.0
1807,0.0,0.0,0.0,0.0
1808,0.0,0.0,0.0,0.0
1809,0.0,0.0,0.0,0.0
1810,0.0,0.0,0.0,0.0
1811,0.0,0.0,0.0,0.0
1812,0.0,0.0,0.0,0.0
1813,0.0,0.0,0.0,0.0
1814,0.0,0.0,0.0,0.0
1815,0.0,0.0,0.0,0.0
1816,0.0,0.0,0.0,0.0
1817,0.0,0.0,0.0,0.0
1818,0.0,0.0,0.0,0.0
1819,0.0,0.0,0.0,0.0
1820,0.0,0.0,0.0,0.0
1821,0.0,0.0,0.0,0.0
1822,0.0,0.0,0.0,0.0
1823,0.0,0.0,0.0,0.0
1824,0.0,0.0,0.0,0.0
1825,0.0,0.0,0.0,0.0
1826,0.0,0.0,0.0,0.0
1827,0.0,0.0,0.0,0.0
1828,0.0,0.0,0.0,0.0
1829,0.0,0.0,0.0,0.0
1830,0.0,0.0,0.0,0.0
1831,0.0,0.0,0.0,0.0
1832,0.0,0.0,0.0,0.0
1833,0.0,0.0,0.0,0.0
1834,0.0,0.0,0.0,0.0
1835,0.0,0.0,0.0,0.0
1836,0.0,0.0,0.0,0.0
1837,0.0,0.0,0.0,0.0
1838,0.0,0.0,0.0,0.0
1839,0.0,0.0,0.0,0.0
1840,0.0,0.0,0.0,0.0
1841,0.0,0.0,0.0,0.0
1842,0.0,0.0,0.0,0.0
1843,0.0,0.0,0.0,0.0
1844,0.0,0.0,0.0,0.0
1845,0.0,0.0,0.0,0.0
1846,0.0,0.0,0.0,0.0
1847,0.0,0.0,0.0,0.0
1848,0.0,0.0,0.0,0.0
1849,0.0,0.0,0.0,0.0
1850,0.0,0.0,0.0,0.0
1851,0.0,0.0,0.0,0.0
1852,0.0,0.0,0.0,0.0
1853,0.0,0.0,0.0,0.0
1854,0.0,0.0,0.0,0.0
1855,0.0,0.0,0.0,0.0
1856,0.0,0.0,0.0,0.0
1857,0.0,0.0,0.0,0.0
1858,0.0,0.0,0.0,0.0
1859,0.0,0.0,0.0,0.0
1860,0.0,0.0,0.0,0.0
1861,0.0,0.0,0.0,0.0
1862,0.0,0.0,0.0,0.0
1863,0.0,0.0,0.0,0.0
1864,0.0,0.0,0.0,0.0
1865,0.0,0.0,0.0,0.0
1866,0.0,0.0,0.0,0.0
1867,0.0,0.0,0.0,0.0
1868,0.0,0.0,0.0,0.0
1869,0.0,0.0,0.0,0.0
1870,0.0,0.0,0.0,0.0
1871,0.0,0.0,0.0,0.0
1872,0.0,0.0,0.0,0.0
1873,0.0,0.0,0.0,0.0
1874,0.0,0.0,0.0,0.0
1875,0.0,0.0,0.0,0.0
1876,0.0,0.0,0.0,0.0
1877,0.0,0.0,0.0,0.0
1878,0.0,0.0,0.0,0.0
1879,0.0,0.0,0.0,0.0
1880,0.0,0.0,0.0,0.0
1881,0.0,0.0,0.0,0.0
1882,0.0,0.0,0.0,0.0
1883,0.0,0.0,0.0,0.0
1884,0.0,0.0,0.0,0.0
1885,0.0,0.0,0.0,0.0
1886,0.0,0.0,0.0,0.0
1887,0.0,0.0,0.0,0.0
1888,0.0,0.0,0.0,0.0
1889,0.0,0.0,0.0,0.0
1890,0.0,0.0,0.0,0.0
1891,0.0,0.0,0.0,0.0
1892,0.0,0.0,0.0,0.0
1893,0.0,0.0,0.0,0.0
1894,0.0,0.0,0.0,0.0
1895,0.0,0.0,0.0,0.0
1896,0.0,0.0,0.0,0.0
1897,0.0,0.0,0.0,0.0
1898,0.0,0.0,0.0,0.0
1899,0.0,0.0,0.0,0.0
1900,0.0,0.0,0.0,0.0
1901,0.0,0.0,0.0,0.0
1902,0.0,0.0,0.0,0.0
1903,0.0,0.0,0.0,0.0
1904,0.0,0.0,0.0,0.0
1905,0.0,0.0,0.0,0.0
1906,0.0,0.0,0.0,0.0
1907,0.0,0.0,0.0,0.0
1908,0.0,0.0,0.0,0.0
1909,0.0,0.0,0.0,0.0
1910,0.0,0.0,0.0,0.0
1911,0.0,0.0,0.0,0.0
1912,0.0,0.0,0.0,0.0
1913,0.0,0.0,0.0,0.0
1914,0.0,0.0,0.0,0.0
1915,0.0,0.0,0.0,0.0
1916,0.0,0.0,0.0,0.0
1917,0.0,0.0,0.0,0.0
1918,0.0,0.0,0.0,0.0
1919,0.0,0.0,0.0,0.0
1920,0.0,0.0,0.0,0.0
1921,0.0,0.0,0.0,0.0
1922,0.0,0.0,0.0,0.0
1923,0.0,0.0,0.0,0.0
1924,0.0,0.0,0.0,0.0
1925,0.0,0.0,0.0,0.0
1926,0.0,0.0,0.0,0.0
1927,0.0,0.0,0.0,0.0
1928,0.0,0.0,0.0,0.0
1929,0.0,0.0,0.0,0.0
1930,0.0,0.0,0.0,0.0
1931,0.0,0.0,0.0,0.0
1932,0.0,0.0,0.0,0.0
1933,0.0,0.0,0.0,0.0
1934,0.0,0.0,0.0,0.0
1935,0.0,0.0,0.0,0.0
1936,0.0,0.0,0.0,0.0
1937,0.0,0.0,0.0,0.0
1938,0.0,0.0,0.0,0.0
1939,0.0,0.0,0.0,0.0
1940,0.0,0.0,0.0,0.0
1941,0.0,0.0,0.0,0.0
1942,0.0,0.0,0.0,0.0
1943,0.0,0.0,0.0,0.0
1944,0.0,0.0,0.0,0.0
1945,0.0,0.0,0.0,0.0
1946,0.0,0.0,0.0,0.0
1947,0.0,0.0,0.0,0.0
1948,0.0,0.0,0.0,0.0
1949,0.0,0.0,0.0,0.0
1950,0.0,0.0,0.0,0.0
1951,0.0,0.0,0.0,0.0
1952,0.0,0.0,0.0,0.0
1953,0.0,0.0,0.0,0.0
1954,0.0,0.0,0.0,0.0
1955,0.0,0.0,0.0,0.0
1956,0.0,0.0,0.0,0.0
1957,0.0,0.0,0.0,0.0
1958,0.0,0.0,0.0,0.0
1959,0.0,0.0,0.0,0.0
1960,0.0,0.0,0.0,0.0
1961,0.0,0.0,0.0,0.0
1962,0.0,0.0,0.0,0.0
1963,0.0,0.0,0.0,0.0
1964,0.0,0.0,0.0,0.0
1965,0.0,0.0,0.0,0.0
1966,0.0,0.0,0.0,0.0
1967,0.0,0.0,0.0,0.0
1968,0.0,0.0,0.0,0.0
1969,0.0,0.0,0.0,0.0
1970,0.0,0.0,0.0,0.0
1971,0.0,0.0,0.0,0.0
1972,0.0,0.0,0.0,0.0
1973,0.0,0.0,0.0,0.0
1974,0.0,0.0,0.0,0.0
1975,0.0,0.0,0.0,0.0
1976,0.0,0.0,0.0,0.0
1977,0.0,0.0,0.0,0.0
1978,0.0,0.0,0.0,0.0
1979,0.0,0.0,0.0,0.0
1980,0.0,0.0,0.0,0.0
1981,0.0,0.0,0.0,0.0
1982,0.0,0.0,0.0,0.0
1983,0.0,0.0,0.0,0.0
1984,0.0,0.0,0.0,0.0
1985,0.0,0.0,0.0,0.0
1986,0.0,0.0,0.0,0.0
1987,0.0,0.0,0.0,0.0
1988,0.0,0.0,0.0,0.0
1989,0.0,0.0,0.0,0.0
1990,0.0,0.0,0.0,0.0
1991,0.0,0.0,0.0,0.0
1992,0.0,0.0,0.0,0.0
1993,0.0,0.0,0.0,0.0
1994,0.0,0.0,0.0,0.0
1995,0.0,0.0,0.0,0.0
1996,0.0,0.0,0.0,0.0
1997,0.0,0.0,0.0,0.0
1998,0.0,0.0,0.0,0.0
1999,0.0,0.0,0.0,0.0
